code,company_name
7203,トヨタ自動車(株)
8306,(株)三菱ＵＦＪフィナンシャル・グループ
6758,ソニーグループ(株)
9984,ソフトバンクグループ(株)
6501,(株)日立製作所
8316,(株)三井住友フィナンシャルグループ
9983,(株)ファーストリテイリング
8001,伊藤忠商事(株)
6857,(株)アドバンテスト
8058,三菱商事(株)
7974,任天堂(株)
8035,東京エレクトロン(株)
8411,(株)みずほフィナンシャルグループ
4519,中外製薬(株)
9432,ＮＴＴ(株)
7011,三菱重工業(株)
6861,(株)キーエンス
6098,(株)リクルートホールディングス
8031,三井物産(株)
2914,ＪＴ
9433,ＫＤＤＩ(株)
8766,東京海上ホールディングス(株)
9434,ソフトバンク(株)
6503,三菱電機(株)
4063,信越化学工業(株)
6702,富士通(株)
7267,ホンダ
7741,ＨＯＹＡ(株)
7182,(株)ゆうちょ銀行
8002,丸紅(株)
6701,ＮＥＣ
4502,武田薬品工業(株)
8267,イオン(株)
8053,住友商事(株)
4568,第一三共(株)
6981,(株)村田製作所
7751,キヤノン(株)
6902,(株)デンソー
6954,ファナック(株)
6201,(株)豊田自動織機
3382,(株)セブン＆アイ・ホールディングス
6367,ダイキン工業(株)
8015,豊田通商(株)
8725,ＭＳ＆ＡＤインシュアランスグループホールディングス(株)
5108,(株)ブリヂストン
8591,オリックス(株)
6752,パナソニック　ホールディングス(株)
4661,(株)オリエンタルランド
6146,(株)ディスコ
5802,住友電気工業(株)
4578,大塚ホールディングス(株)
5803,(株)フジクラ
8801,三井不動産(株)
8630,ＳＯＭＰＯホールディングス(株)
285A,キオクシアホールディングス(株)
6178,日本郵政(株)
6301,コマツ
8750,第一生命ホールディングス(株)
8802,三菱地所(株)
9020,東日本旅客鉄道(株)
9022,東海旅客鉄道(株)
7269,スズキ(株)
4901,富士フイルムホールディングス(株)
6762,ＴＤＫ(株)
8604,野村ホールディングス(株)
1605,(株)ＩＮＰＥＸ
6723,ルネサスエレクトロニクス(株)
4503,アステラス製薬(株)
8830,住友不動産(株)
8308,(株)りそなホールディングス
4307,(株)野村総合研究所
1925,大和ハウス工業(株)
6273,ＳＭＣ(株)
4543,テルモ(株)
6971,京セラ(株)
2802,味の素(株)
8309,三井住友トラストグループ(株)
5401,日本製鉄(株)
7013,(株)ＩＨＩ
9766,コナミグループ(株)
3659,(株)ネクソン
1812,鹿島
7532,(株)パン・パシフィック・インターナショナルホールディングス
5020,ＥＮＥＯＳホールディングス(株)
4452,花王(株)
4689,ＬＩＮＥヤフー(株)
7936,(株)アシックス
6920,レーザーテック(株)
9503,関西電力(株)
7832,(株)バンダイナムコホールディングス
2502,アサヒグループホールディングス(株)
6326,(株)クボタ
7270,(株)ＳＵＢＡＲＵ
9735,セコム(株)
6988,日東電工(株)
4507,塩野義製薬(株)
4612,日本ペイントホールディングス(株)
4684,(株)オービック
6594,ニデック(株)
9531,東京ガス(株)
7259,(株)アイシン
1801,大成建設(株)
1802,(株)大林組
1928,積水ハウス(株)
8473,ＳＢＩホールディングス(株)
7733,オリンパス(株)
9532,大阪ガス(株)
2503,キリンホールディングス(株)
8601,(株)大和証券グループ本社
9101,日本郵船(株)
4091,日本酸素ホールディングス(株)
4755,楽天グループ(株)
7012,川崎重工業(株)
3407,旭化成(株)
8795,(株)Ｔ＆Ｄホールディングス
1803,清水建設(株)
9435,(株)光通信
9697,(株)カプコン
8593,三菱ＨＣキャピタル(株)
6383,(株)ダイフク
9502,中部電力(株)
9719,ＳＣＳＫ(株)
8697,(株)日本取引所グループ
4716,日本オラクル(株)
7202,いすゞ自動車(株)
6361,荏原
6504,富士電機(株)
7453,(株)良品計画
7181,(株)かんぽ生命保険
8113,ユニ・チャーム(株)
5713,住友金属鉱山(株)
9104,(株)商船三井
4062,イビデン(株)
9843,(株)ニトリホールディングス
5016,ＪＸ金属(株)
3402,東レ(株)
9024,(株)西武ホールディングス
5019,出光興産(株)
7201,日産自動車(株)
7186,(株)横浜フィナンシャルグループ
7550,(株)ゼンショーホールディングス
2587,サントリー食品インターナショナル(株)
9602,東宝(株)
7309,(株)シマノ
7911,ＴＯＰＰＡＮホールディングス(株)
7912,大日本印刷(株)
9202,ＡＮＡホールディングス(株)
5831,(株)しずおかフィナンシャルグループ
9021,西日本旅客鉄道(株)
8331,(株)千葉銀行
6479,ミネベアミツミ(株)
2413,エムスリー(株)
2801,キッコーマン(株)
1944,(株)きんでん
6841,横河電機(株)
9107,川崎汽船(株)
4151,協和キリン(株)
6586,(株)マキタ
4523,エーザイ(株)
5334,日本特殊陶業(株)
3003,ヒューリック(株)
4188,三菱ケミカルグループ(株)
8136,(株)サンリオ
7701,(株)島津製作所
5838,楽天銀行(株)
3391,(株)ツルハホールディングス
5411,ＪＦＥホールディングス(株)
9201,日本航空(株)
6506,(株)安川電機
4768,(株)大塚商会
7735,(株)ＳＣＲＥＥＮホールディングス
8951,日本ビルファンド投資法人
2875,東洋水産(株)
3626,ＴＩＳ(株)
7272,ヤマハ発動機(株)
3092,(株)ＺＯＺＯ
3064,(株)ＭｏｎｏｔａＲＯ
8729,ソニーフィナンシャルグループ(株)
3088,(株)マツキヨココカラ＆カンパニー
5201,ＡＧＣ(株)
9005,東急(株)
4004,(株)レゾナック・ホールディングス
4204,積水化学工業(株)
4528,小野薬品工業(株)
5101,横浜ゴム(株)
3288,(株)オープンハウスグループ
3038,(株)神戸物産
6525,(株)ＫＯＫＵＳＡＩ　ＥＬＥＣＴＲＩＣ
9684,(株)スクウェア・エニックス・ホールディングス
9501,東京電力ホールディングス(株)
3289,東急不動産ホールディングス(株)
5844,(株)京都フィナンシャルグループ
2768,双日(株)
1878,大東建託(株)
9404,日本テレビホールディングス(株)
7167,(株)めぶきフィナンシャルグループ
6532,(株)ベイカレント
1942,(株)関電工
5333,日本ガイシ(株)
9042,阪急阪神ホールディングス(株)
1911,住友林業(株)
8439,東京センチュリー(株)
6305,日立建機(株)
5706,三井金属(株)
4704,トレンドマイクロ(株)
8354,(株)ふくおかフィナンシャルグループ
9401,(株)ＴＢＳホールディングス
6869,シスメックス(株)
4911,(株)資生堂
2269,明治ホールディングス(株)
9143,ＳＧホールディングス(株)
1808,(株)長谷工コーポレーション
8952,ジャパンリアルエステイト投資法人
9023,東京地下鉄(株)
4506,住友ファーマ(株)
4324,(株)電通グループ
3563,(株)ＦＯＯＤ　＆　ＬＩＦＥ　ＣＯＭＰＡＮＩＥＳ
5929,三和ホールディングス(株)
8953,日本都市ファンド投資法人
3231,野村不動産ホールディングス(株)
2702,日本マクドナルドホールディングス(株)
4676,(株)フジ・メディア・ホールディングス
3099,(株)三越伊勢丹ホールディングス
2897,日清食品ホールディングス(株)
8359,(株)八十二銀行
3861,王子ホールディングス(株)
6269,三井海洋開発(株)
6963,ローム(株)
4732,(株)ユー・エス・エス
5830,(株)いよぎんホールディングス
6645,オムロン(株)
9147,ＮＩＰＰＯＮ　ＥＸＰＲＥＳＳホールディングス(株)
8227,(株)しまむら
2327,日鉄ソリューションズ(株)
2267,(株)ヤクルト本社
6448,ブラザー工業(株)
7752,(株)リコー
7747,朝日インテック(株)
5406,(株)神戸製鋼所
3197,(株)すかいらーくホールディングス
4183,三井化学(株)
3462,野村不動産マスターファンド投資法人
9064,ヤマトホールディングス(株)
9508,九州電力(株)
4403,日油(株)
8253,(株)クレディセゾン
3283,日本プロロジスリート投資法人
8060,キヤノンマーケティングジャパン(株)
7261,マツダ(株)
6845,アズビル(株)
8572,アコム(株)
4042,東ソー(株)
4005,住友化学(株)
6465,ホシザキ(株)
6370,栗田工業(株)
6724,セイコーエプソン(株)
3769,ＧＭＯペイメントゲートウェイ(株)
8804,東京建物(株)
2212,山崎製パン(株)
4021,日産化学(株)
9962,(株)ミスミグループ本社
4186,東京応化工業(株)
8972,KDX不動産投資法人
7276,(株)小糸製作所
5332,ＴＯＴＯ(株)
7649,スギホールディングス(株)
8334,(株)群馬銀行
3281,ＧＬＰ投資法人
5021,コスモエネルギーホールディングス(株)
3291,飯田グループホールディングス(株)
5105,ＴＯＹＯ　ＴＩＲＥ(株)
2670,(株)エービーシー・マート
2282,日本ハム(株)
4751,(株)サイバーエージェント
5444,大和工業(株)
2181,パーソルホールディングス(株)
5110,住友ゴム工業(株)
6417,(株)ＳＡＮＫＹＯ
3635,(株)コーエーテクモホールディングス
8984,大和ハウスリート投資法人
6856,(株)堀場製作所
5801,古河電気工業(株)
4733,(株)オービックビジネスコンサルタント
1969,高砂熱学工業(株)
9009,京成電鉄(株)
2501,サッポロホールディングス(株)
9412,(株)スカパーＪＳＡＴホールディングス
3349,(株)コスモス薬品
2331,ＡＬＳＯＫ(株)
9007,小田急電鉄(株)
9142,九州旅客鉄道(株)
6113,(株)アマダ
2809,キユーピー(株)
4182,三菱ガス化学(株)
5631,(株)日本製鋼所
6806,ヒロセ電機(株)
4527,ロート製薬(株)
5901,東洋製罐グループホールディングス(株)
7459,(株)メディパルホールディングス
7731,(株)ニコン
5991,ニッパツ
3086,Ｊ．フロント　リテイリング(株)
1721,コムシスホールディングス(株)
4626,太陽ホールディングス(株)
8954,オリックス不動産投資法人
8960,ユナイテッド・アーバン投資法人
8341,(株)七十七銀行
8252,(株)丸井グループ
6368,オルガノ(株)
5947,リンナイ(株)
9513,Ｊ－ＰＯＷＥＲ
5076,インフロニア・ホールディングス(株)
7003,(株)三井Ｅ＆Ｓ
8377,(株)ほくほくフィナンシャルグループ
9506,東北電力(株)
9041,近鉄グループホールディングス(株)
6473,(株)ジェイテクト
7951,ヤマハ(株)
6460,セガサミーホールディングス(株)
6965,浜松ホトニクス(株)
8056,ＢＩＰＲＯＧＹ(株)
4816,東映アニメーション(株)
1959,(株)クラフティア
7211,三菱自動車(株)
5214,日本電気硝子(株)
2002,(株)日清製粉グループ本社
9364,(株)上組
5938,(株)ＬＩＸＩＬ
5344,(株)ＭＡＲＵＷＡ
8233,(株)高島屋
7564,(株)ワークマン
6302,住友重機械工業(株)
4980,デクセリアルズ(株)
2579,コカ・コーラ　ボトラーズジャパンホールディングス(株)
1951,エクシオグループ(株)
4536,参天製薬(株)
9989,(株)サンドラッグ
9001,東武鉄道(株)
3774,(株)インターネットイニシアティブ
8963,インヴィンシブル投資法人
4812,(株)電通総研
6753,シャープ(株)
8418,(株)山口フィナンシャルグループ
4088,エア・ウォーター(株)
7988,(株)ニフコ
7282,豊田合成(株)
4385,(株)メルカリ
4203,住友ベークライト(株)
6481,ＴＨＫ(株)
3405,(株)クラレ
7337,(株)ひろぎんホールディングス
3269,アドバンス・レジデンス投資法人
2871,(株)ニチレイ
9008,京王電鉄(株)
6471,日本精工(株)
1963,日揮ホールディングス(株)
9065,山九(株)
9831,(株)ヤマダホールディングス
7180,(株)九州フィナンシャルグループ
6923,スタンレー電気(株)
9468,(株)ＫＡＤＯＫＡＷＡ
9533,東邦ガス(株)
2784,アルフレッサ　ホールディングス(株)
6268,ナブテスコ(株)
3116,トヨタ紡織(株)
3132,マクニカホールディングス(株)
4912,ライオン(株)
3436,(株)ＳＵＭＣＯ
7327,(株)第四北越フィナンシャルグループ
7189,(株)西日本フィナンシャルホールディングス
3350,(株)メタプラネット
9301,三菱倉庫(株)
5233,太平洋セメント(株)
7240,ＮＯＫ(株)
5393,ニチアス(株)
2433,(株)博報堂ＤＹホールディングス
9987,(株)スズケン
1893,五洋建設(株)
6976,太陽誘電(株)
6406,フジテック(株)
4681,リゾートトラスト(株)
5711,三菱マテリアル(株)
5832,(株)ちゅうぎんフィナンシャルグループ
9076,セイノーホールディングス(株)
2371,(株)カカクコム
8985,ジャパン・ホテル・リート投資法人
7984,コクヨ(株)
9072,ニッコンホールディングス(株)
7729,(株)東京精密
8955,日本プライムリアルティ投資法人
4613,関西ペイント(株)
7164,全国保証(株)
4194,ビジョナル(株)
9006,京浜急行電鉄(株)
4516,日本新薬(株)
8012,長瀬産業(株)
9449,ＧＭＯインターネットグループ(株)
6770,アルプスアルパイン(株)
9605,東映(株)
4967,小林製薬(株)
5714,ＤＯＷＡホールディングス(株)
1860,戸田建設(株)
9706,日本空港ビルデング(株)
3110,日東紡
8111,(株)ゴールドウイン
4401,(株)ＡＤＥＫＡ
8425,みずほリース(株)
8366,(株)滋賀銀行
6526,(株)ソシオネクスト
2229,カルビー(株)
2726,(株)パルグループホールディングス
8088,岩谷産業(株)
3471,三井不動産ロジスティクスパーク投資法人
8424,芙蓉総合リース(株)
9336,大栄環境(株)
9504,中国電力(株)
1332,(株)ニッスイ
4205,日本ゼオン(株)
3249,産業ファンド投資法人
6674,(株)ジーエス・ユアサ　コーポレーション
6005,三浦工業(株)
6141,ＤＭＧ森精機(株)
3397,(株)トリドールホールディングス
6592,マブチモーター(株)
2206,江崎グリコ(株)
4202,(株)ダイセル
3923,(株)ラクス
9409,(株)テレビ朝日ホールディングス
5463,丸一鋼管(株)
6323,ローツェ(株)
1662,石油資源開発(株)
6324,(株)ハーモニック・ドライブ・システムズ
9045,京阪ホールディングス(株)
4631,ＤＩＣ(株)
4902,コニカミノルタ(株)
3309,積水ハウス・リート投資法人
5741,(株)ＵＡＣＪ
7419,(株)ノジマ
8410,(株)セブン銀行
3549,(株)クスリのアオキホールディングス
4666,パーク２４(株)
8129,東邦ホールディングス(株)
417A,(株)ブルーゾーンホールディングス
9418,(株)Ｕ－ＮＥＸＴ　ＨＯＬＤＩＮＧＳ
8976,大和証券オフィス投資法人
5471,大同特殊鋼(株)
1949,住友電設(株)
6134,(株)ＦＵＪＩ
8358,スルガ銀行(株)
8570,イオンフィナンシャルサービス(株)
141A,(株)トライアルホールディングス
6432,(株)竹内製作所
1980,ダイダン(株)
9069,センコーグループホールディングス(株)
1719,安藤ハザマ
8174,日本瓦斯(株)
8304,(株)あおぞら銀行
3279,アクティビア・プロパティーズ投資法人
3226,三井不動産アコモデーションファンド投資法人
9044,南海電気鉄道(株)
2296,伊藤ハム米久ホールディングス(株)
2264,森永乳業(株)
3387,(株)クリエイト・レストランツ・ホールディングス
4686,(株)ジャストシステム
4922,(株)コーセー
6728,(株)アルバック
5805,ＳＷＣＣ(株)
2531,宝ホールディングス(株)
7762,シチズン時計(株)
9048,名古屋鉄道(株)
8524,(株)北洋銀行
3941,レンゴー(株)
4530,久光製薬(株)
6454,マックス(株)
4680,(株)ラウンドワン
6544,ジャパンエレベーターサービスホールディングス(株)
9507,四国電力(株)
2607,不二製油(株)
1417,(株)ミライト・ワン
4927,(株)ポーラ・オルビスホールディングス
7966,リンテック(株)
3048,(株)ビックカメラ
2432,(株)ディー・エヌ・エー
1961,三機工業(株)
8078,阪和興業(株)
6952,カシオ計算機(株)
9759,(株)ＮＳＤ
8050,セイコーグループ(株)
8283,(株)ＰＡＬＴＡＣ
4540,(株)ツムラ
7906,ヨネックス(株)
6436,アマノ(株)
429A,テクセンドフォトマスク(株)
4043,(株)トクヤマ
8020,兼松(株)
6754,アンリツ(株)
9302,三井倉庫ホールディングス(株)
4046,(株)大阪ソーダ
6787,(株)メイコー
8368,(株)百五銀行
5032,ＡＮＹＣＯＬＯＲ(株)
4118,(株)カネカ
3292,イオンリート投資法人
4114,(株)日本触媒
2810,ハウス食品グループ本社(株)
9934,因幡電機産業(株)
2222,寿スピリッツ(株)
7581,(株)サイゼリヤ
8967,日本ロジスティクスファンド投資法人
1414,ショーボンドホールディングス(株)
3466,ラサールロジポート投資法人
3234,森ヒルズリート投資法人
8282,(株)ケーズホールディングス
6849,日本光電
6995,(株)東海理化
8961,森トラストリート投資法人
7173,(株)東京きらぼしフィナンシャルグループ
2782,(株)セリア
9003,相鉄ホールディングス(株)
9744,(株)メイテックグループホールディングス
6507,シンフォニアテクノロジー(株)
6135,(株)牧野フライス製作所
9303,(株)住友倉庫
6960,フクダ電子(株)
7278,(株)エクセディ
4272,日本化薬(株)
4208,ＵＢＥ(株)
9436,沖縄セルラー電話(株)
4966,上村工業(株)
5191,住友理工(株)
268A,リガク・ホールディングス(株)
1861,(株)熊谷組
8986,大和証券リビング投資法人
7014,(株)名村造船所
4887,サワイグループホールディングス(株)
1941,(株)中電工
3107,ダイワボウホールディングス(株)
8876,(株)リログループ
8515,アイフル(株)
8242,エイチ・ツー・オー　リテイリング(株)
3401,帝人(株)
4483,(株)ＪＭＤＣ
8850,スターツコーポレーション(株)
3282,コンフォリア・レジデンシャル投資法人
7867,(株)タカラトミー
3285,野村不動産マスターファンド投資法人（旧）
7380,(株)十六フィナンシャルグループ
8964,フロンティア不動産投資法人
2593,(株)伊藤園
2811,カゴメ(株)
6508,(株)明電舎
3295,ヒューリックリート投資法人
8086,ニプロ(株)
4617,中国塗料(株)
4373,シンプレクス・ホールディングス(株)
9616,(株)共立メンテナンス
8919,(株)カチタス
6814,古野電気(株)
6951,日本電子(株)
5857,ＡＲＥホールディングス(株)
1885,東亜建設工業(株)
3360,シップヘルスケアホールディングス(株)
6590,芝浦メカトロニクス(株)
2127,(株)日本Ｍ＆Ａセンターホールディングス
6371,(株)椿本チエイン
6103,オークマ(株)
1820,西松建設(株)
4061,デンカ(株)
6871,(株)日本マイクロニクス
3697,(株)ＳＨＩＦＴ
8022,ミズノ(株)
6622,(株)ダイヘン
1833,(株)奥村組
6457,グローリー(株)
3591,(株)ワコールホールディングス
3050,ＤＣＭホールディングス(株)
9627,(株)アインホールディングス
2730,(株)エディオン
6744,能美防災(株)
3994,(株)マネーフォワード
7389,(株)あいちフィナンシャルグループ
7242,カヤバ(株)
8381,(株)山陰合同銀行
4206,アイカ工業(株)
8194,(株)ライフコーポレーション
7994,(株)オカムラ
6925,ウシオ電機(株)
4368,扶桑化学工業(株)
9509,北海道電力(株)
8522,(株)名古屋銀行
9869,加藤産業(株)
7205,日野自動車(株)
2201,森永製菓(株)
3278,ケネディクス・レジデンシャル・ネクスト投資法人
3263,大和ハウスリート投資法人（旧）
3148,(株)クリエイトＳＤホールディングス
2317,(株)システナ
8714,(株)池田泉州ホールディングス
6136,ＯＳＧ
7313,テイ・エス　テック(株)
9031,西日本鉄道(株)
7947,(株)エフピコ
3105,日清紡ホールディングス(株)
1979,(株)大気社
2270,雪印メグミルク(株)
4587,ペプチドリーム(株)
8848,(株)レオパレス２１
6890,(株)フェローテック
5301,東海カーボン(株)
8273,(株)イズミ
3186,(株)ネクステージ
8370,(株)紀陽銀行
8133,伊藤忠エネクス(株)
4443,Ｓａｎｓａｎ(株)
9746,(株)ＴＫＣ
6736,サン電子(株)
4547,キッセイ薬品工業(株)
8544,(株)京葉銀行
9936,(株)王将フードサービス
8628,松井証券(株)
5451,(株)ヨドコウ
4665,(株)ダスキン
3569,セーレン(株)
8066,三谷商事(株)
9505,北陸電力(株)
8956,NTT都市開発リート投資法人
7744,ノーリツ鋼機(株)
4041,日本曹達(株)
8959,野村不動産オフィスファンド投資法人
7817,パラマウントベッドホールディングス(株)
8154,加賀電子(株)
9682,(株)ＤＴＳ
2001,(株)ニップン
4023,(株)クレハ
6013,(株)タクマ
9861,(株)吉野家ホールディングス
7250,太平洋工業(株)
6472,ＮＴＮ(株)
8098,稲畑産業(株)
3498,霞ヶ関キャピタル(株)
7846,(株)パイロットコーポレーション
6412,(株)平和
8957,東急リアル・エステート投資法人
1766,東建コーポレーション(株)
8367,(株)南都銀行
9948,(株)アークス
7956,ピジョン(株)
7296,(株)エフ・シー・シー
1950,日本電設工業(株)
7806,(株)ＭＴＧ
6632,(株)ＪＶＣケンウッド
2121,(株)ＭＩＸＩ
3481,三菱地所物流リート投資法人
4107,伊勢化学工業(株)
8987,ジャパンエクセレント投資法人
7981,タカラスタンダード(株)
8966,平和不動産リート投資法人
1333,マルハニチロ(株)
1377,(株)サカタのタネ
7476,アズワン(株)
1934,(株)ユアテック
8361,(株)大垣共立銀行
8584,(株)ジャックス
9956,(株)バローホールディングス
8386,(株)百十四銀行
4544,Ｈ．Ｕ．グループホールディングス(株)
2337,いちご(株)
8218,(株)コメリ
6366,千代田化工建設(株)
1946,(株)トーエネック
2659,(株)サンエー
4095,日本パーカライジング(株)
5384,(株)フジミインコーポレーテッド
7616,(株)コロワイド
6407,ＣＫＤ(株)
7864,(株)フジシールインターナショナル
4722,フューチャー(株)
7148,(株)ＦＰＧ
7220,武蔵精密工業(株)
8130,(株)サンゲツ
4045,東亞合成(株)
4553,東和薬品(株)
7716,(株)ナカニシ
5482,愛知製鋼(株)
8585,(株)オリエントコーポレーション
8566,リコーリース(株)
8698,マネックスグループ(株)
3222,ユナイテッド・スーパーマーケット・ホールディングス(株)
2124,ＪＡＣ　Ｒｅｃｒｕｉｔｍｅｎｔ
6807,日本航空電子工業(株)
8278,(株)フジ
7740,(株)タムロン
3296,日本リート投資法人
4784,ＧＭＯインターネット(株)
4521,科研製薬(株)
9025,鴻池運輸(株)
4634,ａｒｔｉｅｎｃｅ(株)
9075,福山通運(株)
5273,三谷セキサン(株)
8616,東海東京フィナンシャル・ホールディングス(株)
8511,日本証券金融(株)
8388,(株)阿波銀行
2602,日清オイリオグループ(株)
3097,(株)物語コーポレーション
4478,フリー(株)
8803,平和不動産(株)
7458,(株)第一興商
6278,ユニオンツール(株)
2815,アリアケジャパン(株)
1515,日鉄鉱業(株)
8609,(株)岡三証券グループ
3765,ガンホー・オンライン・エンターテイメント(株)
2154,(株)オープンアップグループ
9672,東京都競馬(株)
6420,ガリレイ(株)
9601,松竹(株)
6651,日東工業(株)
9068,丸全昭和運輸(株)
9715,トランスコスモス(株)
6670,(株)ＭＣＪ
7105,三菱ロジスネクスト(株)
6703,ＯＫＩ
7970,信越ポリマー(株)
3468,スターアジア不動産投資法人
9793,(株)ダイセキ
167A,リョーサン菱洋ホールディングス(株)
3865,北越コーポレーション(株)
6875,(株)メガチップス
7381,(株)ＣＣＩグループ
290A,(株)Ｓｙｎｓｐｅｃｔｉｖｅ
8923,トーセイ(株)
7485,岡谷鋼機(株)
8968,福岡リート投資法人
6055,ジャパンマテリアル(株)
3453,ケネディクス商業リート投資法人
7004,カナデビア(株)
6750,エレコム(株)
1835,東鉄工業(株)
6588,東芝テック(株)
5331,ノリタケ(株)
8336,(株)武蔵野銀行
6516,山洋電気(株)
5423,東京製鐵(株)
4628,エスケー化研(株)
4928,(株)ノエビアホールディングス
3076,あい　ホールディングス(株)
4694,(株)ビー・エム・エル
9830,トラスコ中山(株)
9267,Ｇｅｎｋｙ　ＤｒｕｇＳｔｏｒｅｓ(株)
9974,(株)ベルク
9716,(株)乃村工藝社
7730,マニー(株)
1926,ライト工業(株)
7739,キヤノン電子(株)
7545,(株)西松屋チェーン
9722,藤田観光(株)
1952,新日本空調(株)
3880,大王製紙(株)
8276,(株)平和堂
9119,飯野海運(株)
8214,(株)ＡＯＫＩホールディングス
7157,ライフネット生命保険(株)
5703,日本軽金属ホールディングス(株)
9110,ＮＳユナイテッド海運(株)
5352,黒崎播磨(株)
6966,(株)三井ハイテック
9960,東テク(株)
8975,いちごオフィスリート投資法人
4776,サイボウズ(株)
3167,(株)ＴＯＫＡＩホールディングス
6498,(株)キッツ
8600,トモニホールディングス(株)
3593,(株)ホギメディカル
2384,ＳＢＳホールディングス(株)
7630,(株)壱番屋
9678,(株)カナモト
6804,ホシデン(株)
3287,星野リゾート・リート投資法人
7734,理研計器(株)
3002,グンゼ(株)
6315,ＴＯＷＡ(株)
9882,(株)イエローハット
1720,東急建設(株)
4914,高砂香料工業(株)
2692,伊藤忠食品(株)
1968,太平電業(株)
6101,(株)ツガミ
9708,(株)帝国ホテル
9551,メタウォーター(株)
7552,(株)ハピネット
5930,文化シヤッター(株)
5715,古河機械金属(株)
7283,愛三工業(株)
3106,クラボウ
2685,(株)アンドエスティＨＤ
6395,(株)タダノ
8153,(株)モスフードサービス
3543,(株)コメダホールディングス
9090,ＡＺ－ＣＯＭ丸和ホールディングス(株)
8051,(株)山善
3191,(株)ジョイフル本田
6523,ＰＨＣホールディングス(株)
7516,コーナン商事(株)
7222,日産車体(株)
6486,イーグル工業(株)
1762,(株)高松コンストラクショングループ
7172,(株)ジャパンインベストメントアドバイザー
8346,(株)東邦銀行
4975,(株)ＪＣＵ
3433,トーカロ(株)
4819,(株)デジタルガレージ
8179,ロイヤルホールディングス(株)
8097,三愛オブリ(株)
7456,松田産業(株)
7821,前田工繊(株)
8958,グローバル・ワン不動産投資法人
9037,(株)ハマキョウレックス
7599,(株)ＩＤＯＭ
1965,(株)テクノ菱和
2281,プリマハム(株)
4917,(株)マンダム
7972,(株)イトーキ
9832,(株)オートバックスセブン
2160,(株)ジーエヌアイグループ
8360,(株)山梨中央銀行
7611,(株)ハイデイ日高
2695,くら寿司(株)
4592,サンバイオ(株)
8421,信金中央金庫
7595,(株)アルゴグラフィックス
215A,(株)タイミー
1871,ピーエス・コンストラクション(株)
3201,ニッケ
7224,新明和工業(株)
7685,(株)ＢｕｙＳｅｌｌ　Ｔｅｃｈｎｏｌｏｇｉｅｓ
7976,三菱鉛筆(株)
6332,月島ホールディングス(株)
6455,(株)モリタホールディングス
3046,(株)ジンズホールディングス
9413,(株)テレビ東京ホールディングス
3863,日本製紙(株)
8595,ジャフコ　グループ(株)
2379,ディップ(株)
5911,(株)横河ブリッジホールディングス
6379,レイズネクスト(株)
7287,日本精機(株)
5975,東プレ(株)
3778,さくらインターネット(株)
2678,アスクル(株)
9699,ニシオホールディングス(株)
7512,イオン北海道(株)
4633,サカタインクス(株)
4534,持田製薬(株)
9166,(株)ＧＥＮＤＡ
4099,四国化成ホールディングス(株)
1723,日本電技(株)
8219,青山商事(株)
9842,アークランズ(株)
6941,山一電機(株)
6250,(株)やまびこ
4432,ウイングアーク１ｓｔ(株)
5232,住友大阪セメント(株)
9887,(株)松屋フーズホールディングス
7780,(株)メニコン
3341,日本調剤(株)
5186,ニッタ(株)
7483,(株)ドウシシャ
2767,円谷フィールズホールディングス(株)
8131,(株)ミツウロコグループホールディングス
9039,(株)サカイ引越センター
1879,新日本建設(株)
5192,三ツ星ベルト(株)
8871,(株)ゴールドクレスト
6707,サンケン電気(株)
2175,(株)エス・エム・エス
7965,象印マホービン(株)
2928,ＲＩＺＡＰグループ(株)
6834,(株)精工技研
9889,ＪＢＣＣホールディングス(株)
8977,阪急阪神リート投資法人
7279,(株)ハイレックスコーポレーション
4958,長谷川香料(株)
8934,サンフロンティア不動産(株)
3087,(株)ドトール・日レスホールディングス
4471,三洋化成工業(株)
8074,ユアサ商事(株)
7184,(株)富山第一銀行
6016,(株)ジャパンエンジンコーポレーション
8198,マックスバリュ東海(株)
7226,極東開発工業(株)
2146,ＵＴグループ(株)
5449,大阪製鐵(株)
9757,(株)船井総研ホールディングス
6745,ホーチキ(株)
6490,(株)ＰＩＬＬＡＲ
9347,日本管財ホールディングス(株)
6777,ｓａｎｔｅｃ　Ｈｏｌｄｉｎｇｓ(株)
6996,ニチコン(株)
5161,西川ゴム工業(株)
6810,マクセル(株)
4985,アース製薬(株)
4180,Ａｐｐｉｅｒ　Ｇｒｏｕｐ(株)
3612,(株)ワールド
4028,石原産業(株)
7575,日本ライフライン(株)
7322,(株)三十三フィナンシャルグループ
6376,日機装(株)
6957,(株)芝浦電子
2733,(株)あらた
6351,(株)鶴見製作所
7350,(株)おきなわフィナンシャルグループ
7943,ニチハ(株)
9010,富士急行(株)
9603,(株)エイチ・アイ・エス
5842,インテグラル(株)
3101,東洋紡(株)
8117,中央自動車工業(株)
3240,野村不動産レジデンシャル投資法人
6104,芝浦機械(株)
5440,共英製鋼(株)
7177,ＧＭＯフィナンシャルホールディングス(株)
3001,片倉工業(株)
7718,スター精密(株)
8337,(株)千葉興業銀行
6080,Ｍ＆Ａキャピタルパートナーズ(株)
2760,東京エレクトロン　デバイス(株)
1982,日比谷総合設備(株)
7412,(株)アトム
6727,(株)ワコム
8393,(株)宮崎銀行
5602,(株)栗本鐵工所
6474,(株)不二越
4384,ラクスル(株)
6183,(株)ベルシステム２４ホールディングス
6254,野村マイクロ・サイエンス(株)
8057,(株)内田洋行
8255,アクシアル　リテイリング(株)
3993,(株)ＰＫＳＨＡ　Ｔｅｃｈｎｏｌｏｇｙ
1419,タマホーム(株)
4559,ゼリア新薬工業(株)
3487,CREロジスティクスファンド投資法人
2492,(株)インフォマート
6458,新晃工業(株)
5253,カバー(株)
2805,ヱスビー食品(株)
8892,(株)エスコン
4971,メック(株)
1870,矢作建設工業(株)
3762,テクマトリックス(株)
6947,(株)図研
1663,Ｋ＆Ｏエナジーグループ(株)
2157,(株)コシダカホールディングス
8014,蝶理(株)
6929,日本セラミック(株)
5310,東洋炭素(株)
6036,ＫｅｅＰｅｒ技研(株)
4071,(株)プラスアルファ・コンサルティング
9663,(株)ナガワ
2109,ＤＭ三井製糖(株)
6914,オプテックスグループ(株)
8877,エスリード(株)
3465,ケイアイスター不動産(株)
8016,(株)オンワードホールディングス
3964,(株)オークネット
3459,サムティ・レジデンシャル投資法人
2653,イオン九州(株)
7839,(株)ＳＨＯＥＩ
2742,(株)ハローズ
5351,品川リフラ(株)
6345,(株)アイチコーポレーション
8032,日本紙パルプ商事(株)
8392,(株)大分銀行
2588,(株)プレミアムウォーターホールディングス
9824,泉州電業(株)
6209,リケンＮＰＲ(株)
4552,ＪＣＲファーマ(株)
8125,(株)ワキタ
1821,三井住友建設(株)
6737,ＥＩＺＯ(株)
6340,澁谷工業(株)
8037,カメイ(株)
9997,(株)ベルーナ
5122,オカモト(株)
7721,東京計器(株)
4828,ビジネスエンジニアリング(株)
3445,(株)ＲＳ　Ｔｅｃｈｎｏｌｏｇｉｅｓ
3302,帝国繊維(株)
8237,(株)松屋
3476,投資法人みらい
8345,(株)岩手銀行
4974,タカラバイオ(株)
5943,(株)ノーリツ
2004,昭和産業(株)
7241,フタバ産業(株)
7944,ローランド(株)
4216,旭有機材(株)
4956,コニシ(株)
8059,第一実業(株)
4189,ＫＨネオケム(株)
8818,京阪神ビルディング(株)
446A,(株)ノースサンド
6652,ＩＤＥＣ(株)
6284,日精エー・エス・ビー機械(株)
2585,(株)ライフドリンクカンパニー
1976,明星工業(株)
1975,(株)朝日工業社
2117,ウェルネオシュガー(株)
6226,守谷輸送機工業(株)
6330,東洋エンジニアリング(株)
7088,(株)フォーラムエンジニアリング
2326,デジタルアーツ(株)
9543,静岡ガス(株)
3028,(株)アルペン
3034,クオールホールディングス(株)
4996,クミアイ化学工業(株)
2329,(株)東北新社
4569,杏林製薬(株)
7513,(株)コジマ
4290,(株)プレステージ・インターナショナル
5195,バンドー化学(株)
5727,東邦チタニウム(株)
4044,セントラル硝子(株)
5851,リョービ(株)
4825,(株)ウェザーニューズ
4464,(株)ソフト９９コーポレーション
4365,松本油脂製薬(株)
5992,中央発條(株)
3104,富士紡ホールディングス(株)
6463,ＴＰＲ(株)
1518,三井松島ホールディングス(株)
6413,理想科学工業(株)
2979,SOSiLA物流リート投資法人
7917,ＺＡＣＲＯＳ(株)
4526,理研ビタミン(株)
6741,日本信号(株)
6961,(株)エンプラス
4293,(株)セプテーニ・ホールディングス
2353,日本駐車場開発(株)
8061,西華産業(株)
4187,大阪有機化学工業(株)
9692,(株)シーイーシー
4461,第一工業製薬(株)
4369,(株)トリケミカル研究所
2220,亀田製菓(株)
8771,イー・ギャランティ(株)
4549,栄研化学(株)
6277,ホソカワミクロン(株)
7931,未来工業(株)
6287,(株)サトー
6235,(株)オプトラン
3492,MIRARTH不動産投資法人
2292,Ｓ　ＦＯＯＤＳ(株)
456A,ＨＵＭＡＮ　ＭＡＤＥ(株)
6197,(株)ソラスト
8793,ＮＥＣキャピタルソリューション(株)
6866,ＨＩＯＫＩ(株)
2791,大黒天物産(株)
9621,(株)建設技術研究所
3491,(株)ＧＡ　ｔｅｃｈｎｏｌｏｇｉｅｓ
186A,(株)アストロスケールホールディングス
6023,ダイハツインフィニアース(株)
2590,ダイドーグループホールディングス(株)
1921,(株)巴コーポレーション
5970,(株)ジーテクト
1852,(株)淺沼組
6459,大和冷機工業(株)
1882,東亜道路工業(株)
4997,日本農薬(株)
9247,ＴＲＥホールディングス(株)
3539,(株)ＪＭホールディングス
8550,(株)栃木銀行
5262,日本ヒューム(株)
9729,(株)トーカイ
6349,(株)小森コーポレーション
4919,(株)ミルボン
9823,(株)マミーマートホールディングス
319A,(株)技術承継機構
7433,伯東(株)
6331,三菱化工機(株)
2874,ヨコレイ
7246,プレス工業(株)
6740,(株)ジャパンディスプレイ
464A,(株)ＱＰＳホールディングス
247A,Ａｉロボティクス(株)
3156,(株)レスター
7292,(株)村上開明堂
4480,(株)メドレー
6946,日本アビオニクス(株)
6877,ＯＢＡＲＡ　ＧＲＯＵＰ(株)
8841,(株)テーオーシー
7826,(株)フルヤ金属
4765,ＳＢＩグローバルアセットマネジメント(株)
6859,エスペック(株)
3817,(株)ＳＲＡホールディングス
6196,(株)ストライク
2737,(株)トーメンデバイス
8707,岩井コスモホールディングス(株)
5036,日本ビジネスシステムズ(株)
2395,(株)新日本科学
6908,イリソ電子工業(株)
8399,(株)琉球銀行
5290,(株)ベルテクスコーポレーション
3636,(株)三菱総合研究所
4220,リケンテクノス(株)
8982,トップリート投資法人
3443,川田テクノロジーズ(株)
3480,(株)ジェイ・エス・ビー
2168,(株)パソナグループ
5011,ニチレキグループ(株)
7421,カッパ・クリエイト(株)
7199,プレミアグループ(株)
8159,(株)立花エレテック
3608,(株)ＴＳＩホールディングス
4565,ネクセラファーマ(株)
6258,平田機工(株)
9733,(株)ナガセ
9743,(株)丹青社
3950,ザ・パック(株)
3036,アルコニックス(株)
9902,(株)日伝
6118,アイダエンジニアリング(株)
6524,湖北工業(株)
4746,(株)東計電算
9310,日本トランスシティ(株)
3479,(株)ティーケーピー
2540,養命酒製造(株)
8173,上新電機(株)
8084,(株)ＲＹＯＤＥＮ
4008,住友精化(株)
1799,第一建設工業(株)
8244,(株)近鉄百貨店
6282,オイレス工業(株)
4413,(株)ボードルア
9304,澁澤倉庫(株)
7942,(株)ＪＳＰ
3962,(株)チェンジホールディングス
6517,デンヨー(株)
6200,(株)インソース
4849,エン(株)
2734,(株)サーラコーポレーション
8043,スターゼン(株)
4674,(株)クレスコ
277A,グロービング(株)
7995,(株)バルカー
3632,グリーホールディングス(株)
7231,トピー工業(株)
2681,(株)ゲオホールディングス
1939,(株)四電工
8387,(株)四国銀行
8160,(株)木曽路
7239,(株)タチエス
3290,Oneリート投資法人
8343,(株)秋田銀行
7085,(株)カーブスホールディングス
7606,(株)ユナイテッドアローズ
6623,愛知電機(株)
4832,ＪＦＥシステムズ(株)
4326,(株)インテージホールディングス
6088,(株)シグマクシス・ホールディングス
4116,大日精化工業(株)
2664,(株)カワチ薬品
9536,西部ガスホールディングス(株)
3673,(株)ブロードリーフ
3733,(株)ソフトウェア・サービス
8715,アニコム　ホールディングス(株)
5982,(株)マルゼン
8079,正栄食品工業(株)
6419,(株)マースグループホールディングス
1899,(株)福田組
2216,カンロ(株)
8132,シナネンホールディングス(株)
3151,(株)バイタルケーエスケー・ホールディングス
6027,弁護士ドットコム(株)
1379,ホクト(株)
2208,(株)ブルボン
5946,(株)長府製作所
4362,日本精化(株)
1909,日本ドライケミカル(株)
4687,ＴＤＣソフト(株)
4212,積水樹脂(株)
1822,大豊建設(株)
5480,日本冶金工業(株)
2211,(株)不二家
471A,ＮＳグループ(株)
6794,フォスター電機(株)
9324,安田倉庫(株)
9279,(株)ギフトホールディングス
7130,ヤマエグループホールディングス(株)
9369,(株)キユーソー流通システム
9755,応用地質(株)
5726,(株)大阪チタニウムテクノロジーズ
3836,(株)アバントグループ
3478,森トラスト・ホテルリート投資法人
6381,アネスト岩田(株)
8613,丸三証券(株)
9028,(株)ゼロ
9416,(株)ビジョン
3661,(株)エムアップホールディングス
8395,(株)佐賀銀行
7613,シークス(株)
2613,(株)Ｊ－オイルミルズ
3252,地主(株)
2003,日東富士製粉(株)
7979,(株)松風
9534,北海道ガス(株)
8075,神鋼商事(株)
9357,名港海運(株)
3946,(株)トーモク
5410,合同製鐵(株)
7868,(株)広済堂ホールディングス
7593,ＶＴホールディングス(株)
1945,(株)東京エネシス
3153,八洲電機(株)
3399,(株)丸千代山岡家
5988,(株)パイオラックス
1407,(株)ウエストホールディングス
9348,(株)ｉｓｐａｃｅ
3482,ロードスターキャピタル(株)
7915,ＮＩＳＳＨＡ(株)
3395,(株)サンマルクホールディングス
7508,(株)Ｇ－７ホールディングス
3854,(株)アイル
9790,福井コンピュータホールディングス(株)
1815,鉄建建設(株)
262A,(株)インターメスティック
7504,(株)高速
4481,ベース(株)
8739,スパークス・グループ(株)
9946,ミニストップ(株)
3496,(株)アズーム
4431,(株)スマレジ
368A,(株)北里コーポレーション
9511,沖縄電力(株)
9552,(株)Ｍ＆Ａ総研ホールディングス
4323,日本システム技術(株)
8167,(株)リテールパートナーズ
1898,世紀東急工業(株)
8157,都築電気(株)
4221,大倉工業(株)
9928,(株)ミロク情報サービス
7921,(株)ＴＡＫＡＲＡ　＆　ＣＯＭＰＡＮＹ
3708,特種東海製紙(株)
7818,(株)トランザクション
8344,(株)山形銀行
8200,(株)リンガーハット
2749,(株)ＪＰホールディングス
2752,(株)フジオフードグループ本社
8508,Ｊトラスト(株)
3655,(株)ブレインパッド
6617,(株)東光高岳
3663,(株)セルシス
7447,ナガイレーベン(株)
3091,(株)ブロンコビリー
2790,(株)ナフコ
4047,関東電化工業(株)
6637,寺崎電気産業(株)
4848,(株)フルキャストホールディングス
2986,(株)ＬＡホールディングス
8362,(株)福井銀行
3150,(株)グリムス
6676,(株)バッファロー
3692,(株)ＦＦＲＩセキュリティ
9474,(株)ゼンリン
9519,(株)レノバ
2698,(株)キャンドゥ
6339,新東工業(株)
5461,中部鋼鈑(株)
4097,高圧ガス工業(株)
3232,三重交通グループホールディングス(株)
6363,(株)酉島製作所
4343,(株)イオンファンタジー
2288,丸大食品(株)
2918,わらべや日洋ホールディングス(株)
9900,(株)サガミホールディングス
4719,(株)アルファシステムズ
5208,(株)有沢製作所
4886,あすか製薬ホールディングス(株)
6627,(株)テラプローブ
3245,(株)ディア・ライフ
1811,(株)錢高組
9661,(株)歌舞伎座
1786,オリエンタル白石(株)
6237,(株)イワキ
2573,北海道コカ・コーラボトリング(株)
1301,(株)極洋
1888,若築建設(株)
4820,(株)ＥＭシステムズ
6644,大崎電気工業(株)
8541,(株)愛媛銀行
3371,(株)ソフトクリエイトホールディングス
6425,(株)ユニバーサルエンターテインメント
9305,(株)ヤマタネ
4641,(株)アルプス技研
2931,(株)ユーグレナ
7383,(株)ネットプロテクションズホールディングス
3668,(株)コロプラ
2170,(株)リンクアンドモチベーション
7128,フルサト・マルカホールディングス(株)
6480,日本トムソン(株)
2902,太陽化学(株)
2980,ＳＲＥホールディングス(株)
4619,日本特殊塗料(株)
1938,日本リーテック(株)
6824,新コスモス電機(株)
3451,トーセイ・リート投資法人
4246,ダイキョーニシカワ(株)
8914,エリアリンク(株)
6328,荏原実業(株)
5949,ユニプレス(株)
5445,東京鐵鋼(株)
8979,スターツプロシード投資法人
9828,(株)Ｇｅｎｋｉ　Ｇｌｏｂａｌ　Ｄｉｎｉｎｇ　Ｃｏｎｃｅｐｔｓ
6993,大黒屋ホールディングス(株)
6574,(株)コンヴァノ
7102,日本車輌製造(株)
3844,コムチュア(株)
5288,アジアパイルホールディングス(株)
4109,ステラ　ケミファ(株)
4259,(株)エクサウィザーズ
7860,エイベックス(株)
9856,(株)ケーユーホールディングス
8052,椿本興業(株)
8708,アイザワ証券グループ(株)
409A,オリオンビール(株)
5184,(株)ニチリン
3182,オイシックス・ラ・大地(株)
3284,(株)フージャースホールディングス
2938,(株)オカムラ食品工業
8706,極東証券(株)
6809,ＴＯＡ(株)
8864,空港施設(株)
4970,東洋合成工業(株)
8699,ＨＳホールディングス(株)
8897,ＭＩＲＡＲＴＨホールディングス(株)
4078,堺化学工業(株)
6058,(株)ベクトル
3687,(株)フィックスターズ
197A,(株)タウンズ
176A,レジル(株)
2053,中部飼料(株)
5302,日本カーボン(株)
2150,(株)ケアネット
6800,(株)ヨコオ
6364,(株)ＡＩＲＭＡＮ
1929,日特建設(株)
147A,(株)ソラコム
6999,ＫＯＡ(株)
6357,三精テクノロジーズ(株)
6289,(株)技研製作所
7384,(株)プロクレアホールディングス
7609,ダイトロン(株)
7745,(株)Ａ＆Ｄホロンホールディングス
9274,ＫＰＰグループホールディングス(株)
6309,巴工業(株)
6564,(株)ミダックホールディングス
2325,(株)ＮＪＳ
7949,小松ウオール工業(株)
7236,(株)ティラド
6333,(株)帝国電機製作所
6638,(株)ミマキエンジニアリング
9470,(株)学研ホールディングス
7326,ＳＢＩインシュアランスグループ(株)
4318,(株)クイック
7914,共同印刷(株)
6718,アイホン(株)
3763,(株)プロシップ
3679,(株)じげん
202A,(株)豆蔵
4894,クオリプス(株)
5821,平河ヒューテック(株)
8163,ＳＲＳホールディングス(株)
8281,ゼビオホールディングス(株)
8150,三信電気(株)
2751,(株)テンポスホールディングス
5202,日本板硝子(株)
5889,Ｊａｐａｎ　Ｅｙｅｗｅａｒ　Ｈｏｌｄｉｎｇｓ(株)
299A,クラシル(株)
6231,木村工機(株)
9381,(株)エーアイテイー
9619,(株)イチネンホールディングス
2226,(株)湖池屋
3431,宮地エンジニアリンググループ(株)
4022,ラサ工業(株)
8065,佐藤商事(株)
6143,(株)ソディック
6905,コーセル(株)
7388,(株)ＦＰパートナー
9467,(株)アルファポリス
8935,(株)ＦＪネクストホールディングス
7990,グローブライド(株)
8081,(株)カナデン
7244,市光工業(株)
2972,サンケイリアルエステート投資法人
9991,ジェコス(株)
5702,(株)大紀アルミニウム工業所
4094,日本化学産業(株)
3905,データセクション(株)
4419,(株)Ｆｉｎａｔｅｘｔホールディングス
4377,(株)ワンキャリア
9639,三協フロンテア(株)
9517,イーレックス(株)
5959,岡部(株)
6768,(株)タムラ製作所
9081,神奈川中央交通(株)
2908,フジッコ(株)
2429,(株)ワールドホールディングス
6625,ＪＡＬＣＯホールディングス(株)
166A,(株)タスキホールディングス
2108,日本甜菜製糖(株)
3198,ＳＦＰホールディングス(株)
7500,西川計測(株)
1967,(株)ヤマト
7071,(株)アンビスホールディングス
6630,ヤーマン(株)
1887,日本国土開発(株)
4743,(株)アイティフォー
8137,サンワテクノス(株)
7715,長野計器(株)
7840,フランスベッドホールディングス(株)
3449,(株)テクノフレックス
219A,Ｈｅａｒｔｓｅｅｄ(株)
5304,ＳＥＣカーボン(株)
3660,(株)アイスタイル
6078,(株)バリューＨＲ
2971,エスコンジャパンリート投資法人
212A,フィットイージー(株)
6937,古河電池(株)
3196,(株)ホットランドホールディングス
8005,(株)スクロール
9740,ＣＳＰ
9052,山陽電気鉄道(株)
6855,日本電子材料(株)
1948,(株)弘電社
3299,(株)ムゲンエステート
5563,新日本電工(株)
4417,グローバルセキュリティエキスパート(株)
7366,(株)ＬＩＴＡＬＩＣＯ
4554,富士製薬工業(株)
7229,(株)ユタカ技研
8151,(株)東陽テクニカ
9837,モリト(株)
2594,キーコーヒー(株)
7280,(株)ミツバ
7749,メディキット(株)
7245,大同メタル工業(株)
1810,松井建設(株)
8614,東洋証券(株)
1813,(株)不動テトラ
4718,(株)早稲田アカデミー
9438,(株)エムティーアイ
9845,(株)パーカーコーポレーション
4992,北興化学工業(株)
3825,(株)リミックスポイント
7971,東リ(株)
6099,(株)エラン
6247,(株)日阪製作所
2676,高千穂交易(株)
256A,飛島ホールディングス(株)
4931,新日本製薬(株)
8142,(株)トーホー
4375,セーフィー(株)
7373,(株)アイドマ・ホールディングス
7092,(株)Ｆａｓｔ　Ｆｉｔｎｅｓｓ　Ｊａｐａｎ
1869,名工建設(株)
2975,スター・マイカ・ホールディングス(株)
4972,綜研化学(株)
6144,西部電機(株)
6430,ダイコク電機(株)
9726,ＫＮＴ－ＣＴホールディングス(株)
6489,前澤工業(株)
7803,(株)ブシロード
2705,(株)大戸屋ホールディングス
3176,三洋貿易(株)
6788,(株)日本トリム
6249,(株)ゲームカードホールディングス
8008,４℃ホールディングス
7814,(株)日本創発グループ
4725,(株)ＣＡＣ　Ｈｏｌｄｉｎｇｓ
5976,ネツレン
5834,ＳＢＩリーシングサービス(株)
4658,日本空調サービス(株)
4685,(株)菱友システムズ
3010,ポラリス・ホールディングス(株)
5541,大平洋金属(株)
8929,(株)青山財産ネットワークス
2792,(株)ハニーズホールディングス
3916,デジタル・インフォメーション・テクノロジー(株)
9622,(株)スペース
4345,(株)シーティーエス
7607,(株)進和
6310,井関農機(株)
4275,(株)カーリット
7679,(株)薬王堂ホールディングス
3463,いちごホテルリート投資法人
6820,アイコム(株)
4051,ＧＭＯフィナンシャルゲート(株)
1930,北陸電気工事(株)
3455,ヘルスケア＆メディカル投資法人
9632,スバル興業(株)
4475,ＨＥＮＮＧＥ(株)
1375,ユキグニファクトリー(株)
7777,(株)スリー・ディー・マトリックス
3193,(株)エターナルホスピタリティグループ
6145,ＮＩＴＴＯＫＵ(株)
6240,ヤマシンフィルタ(株)
4218,ニチバン(株)
7522,ワタミ(株)
9658,(株)ビジネスブレイン太田昭和
7989,立川ブラインド工業(株)
4337,ぴあ(株)
3561,(株)力の源ホールディングス
6272,レオン自動機(株)
2207,(株)ｍｅｉｔｏ
9368,キムラユニティー(株)
7463,(株)アドヴァングループ
6062,(株)チャーム・ケア・コーポレーション
7937,(株)ツツミ
7874,レック(株)
3093,(株)トレジャー・ファクトリー
7723,愛知時計電機(株)
9284,カナディアン・ソーラー・インフラ投資法人
9742,(株)アイネス
7438,コンドーテック(株)
255A,ジーエルテクノホールディングス(株)
6140,旭ダイヤモンド工業(株)
9629,ピー・シー・エー(株)
4577,ダイト(株)
4390,(株)アイ・ピー・エス
9795,(株)ステップ
7198,ＳＢＩアルヒ(株)
3183,ウイン・パートナーズ(株)
1793,(株)大本組
1736,(株)オーテック
2060,フィード・ワン(株)
287A,黒田グループ(株)
8624,いちよし証券(株)
6648,(株)かわでん
4072,(株)電算システムホールディングス
9896,ＪＫホールディングス(株)
5121,藤倉コンポジット(株)
1814,大末建設(株)
2268,Ｂ－Ｒ　サーティワン　アイスクリーム(株)
3040,(株)ソリトンシステムズ
2763,(株)エフティグループ
4548,生化学工業(株)
5464,モリ工業(株)
4611,大日本塗料(株)
9539,京葉瓦斯(株)
9600,(株)アイネット
9906,藤井産業(株)
3843,フリービット(株)
3932,(株)アカツキ
9687,(株)ＫＳＫ
5261,リソルホールディングス(株)
6369,トーヨーカネツ(株)
6817,スミダコーポレーション(株)
2923,サトウ食品(株)
3475,(株)グッドコムアセット
8844,(株)コスモスイニシア
8558,(株)東和銀行
4839,(株)ＷＯＷＯＷ
9556,ＩＮＴＬＯＯＰ(株)
2393,(株)日本ケアサプライ
1827,(株)ナカノフドー建設
5013,(株)ユシロ
7711,助川電気工業(株)
9281,タカラレーベン・インフラ投資法人
2498,(株)オリエンタルコンサルタンツホールディングス
3922,(株)ＰＲ　ＴＩＭＥＳ
8551,(株)北日本銀行
5721,(株)エス・サイエンス
4709,(株)ＩＤホールディングス
4771,(株)エフアンドエム
9942,(株)ジョイフル
4923,コタ(株)
2389,(株)デジタルホールディングス
6742,(株)京三製作所
7760,ＩＭＶ(株)
5017,富士石油(株)
4593,(株)ヘリオス
7932,(株)ニッピ
9739,ＮＳＷ(株)
4477,ＢＡＳＥ(株)
5038,(株)ｅＷｅＬＬ
5659,日本精線(株)
8011,(株)三陽商会
5408,(株)中山製鋼所
2612,かどや製油(株)
7059,(株)コプロ・ホールディングス
8185,(株)チヨダ
5989,(株)エイチワン
7467,萩原電気ホールディングス(株)
3355,クリヤマホールディングス(株)
8103,明和産業(株)
9308,乾汽船(株)
2221,岩塚製菓(株)
2989,東海道リート投資法人
8338,(株)筑波銀行
4449,(株)ギフティ
4951,エステー(株)
8622,水戸証券(株)
2910,(株)ロック・フィールド
9405,朝日放送グループホールディングス(株)
9640,(株)セゾンテクノロジー
6137,小池酸素工業(株)
3546,アレンザホールディングス(株)
3798,ＵＬＳグループ(株)
7414,小野建(株)
6677,(株)エスケーエレクトロニクス
4301,(株)アミューズ
5757,(株)ＣＫサンエツ
2305,(株)スタジオアリス
8217,(株)オークワ
6958,日本ＣＭＫ(株)
3139,(株)ラクト・ジャパン
5357,(株)ヨータイ
2461,(株)ファンコミュニケーションズ
4025,多木化学(株)
3205,(株)ダイドーリミテッド
1514,住石ホールディングス(株)
7596,(株)魚力
7510,(株)たけびし
1964,中外炉工業(株)
7520,(株)エコス
4826,(株)ＣＩＪ
6675,サクサ(株)
4714,(株)リソー教育グループ
3333,(株)あさひ
8596,(株)九州リースサービス
8139,(株)ナガホリ
135A,(株)ＶＲＡＩＮ　Ｓｏｌｕｔｉｏｎ
8285,三谷産業(株)
8881,(株)日神グループホールディングス
3486,(株)グローバル・リンク・マネジメント
6223,(株)西部技研
6844,新電元工業(株)
286A,(株)ユカリア
208A,(株)構造計画研究所ホールディングス
9955,(株)ヨンキュウ
6785,(株)鈴木
4792,山田コンサルティンググループ(株)
2831,はごろもフーズ(株)
2669,カネ美食品(株)
9273,コーア商事ホールディングス(株)
7925,前澤化成工業(株)
2533,オエノンホールディングス(株)
1847,(株)イチケン
7537,丸文(株)
4165,(株)プレイド
8713,フィデアホールディングス(株)
4249,森六(株)
8275,(株)フォーバル
2158,(株)ＦＲＯＮＴＥＯ
6932,(株)遠藤照明
7018,内海造船(株)
9441,(株)ベルパーク
6222,(株)島精機製作所
3771,(株)システムリサーチ
7455,(株)パリミキホールディングス
3580,小松マテーレ(株)
4229,群栄化学工業(株)
5027,ＡｎｙＭｉｎｄ　Ｇｒｏｕｐ(株)
6151,日東工器(株)
2294,(株)柿安本店
3983,(株)オロ
2209,井村屋グループ(株)
4462,石原ケミカル(株)
6485,前澤給装工業(株)
5185,(株)フコク
5985,サンコール(株)
6071,(株)ＩＢＪ
3472,日本ホテル＆レジデンシャル投資法人
4763,(株)クリーク・アンド・リバー社
6997,日本ケミコン(株)
6070,キャリアリンク(株)
6547,(株)グリーンズ
7482,(株)シモジマ
2217,モロゾフ(株)
2780,(株)コメ兵ホールディングス
5210,日本山村硝子(株)
6387,サムコ(株)
4112,保土谷化学工業(株)
7525,リックス(株)
6823,リオン(株)
7352,(株)ＴＷＯＳＴＯＮＥ＆Ｓｏｎｓ
4659,(株)エイジス
8141,新光商事(株)
6915,千代田インテグレ(株)
7844,(株)マーベラス
3891,ニッポン高度紙工業(株)
8018,三共生興(株)
7893,(株)プロネクサス
8006,ユアサ・フナショク(株)
6620,宮越ホールディングス(株)
2148,アイティメディア(株)
6653,(株)正興電機製作所
9628,燦ホールディングス(株)
9932,杉本商事(株)
2475,ＷＤＢホールディングス(株)
7238,曙ブレーキ工業(株)
3470,マリモ地方創生リート投資法人
6306,日工(株)
4439,(株)東名
4595,(株)ミズホメディー
7769,リズム(株)
4662,(株)フォーカスシステムズ
8203,(株)ＭｒＭａｘＨＤ
1712,(株)ダイセキ環境ソリューション
3159,丸善ＣＨＩホールディングス(株)
1866,北野建設(株)
2462,ライク(株)
6584,三桜工業(株)
2153,Ｅ・Ｊホールディングス(株)
1780,(株)ヤマウラ
3984,(株)ユーザーローカル
1429,(株)日本アクア
2915,ケンコーマヨネーズ(株)
350A,デジタルグリッド(株)
5902,ホッカンホールディングス(株)
3221,(株)ヨシックスホールディングス
325A,(株)ＴＥＮＴＩＡＬ
7955,クリナップ(株)
2374,セントケア・ホールディング(株)
2820,(株)やまみ
438A,(株)インフキュリオン
6083,ＥＲＩホールディングス(株)
3452,(株)ビーロット
3315,日本コークス工業(株)
1904,大成温調(株)
2349,(株)エヌアイデイ
3741,(株)セック
6061,(株)ユニバーサル園芸社
3388,明治電機工業(株)
7628,(株)オーハシテクニカ
7460,(株)ヤギ
6418,日本金銭機械(株)
8101,(株)ＧＳＩクレオス
6238,フリュー(株)
9709,ＮＣＳ＆Ａ(株)
6994,(株)指月電機製作所
2359,(株)コア
6125,(株)岡本工作機械製作所
4396,(株)システムサポートホールディングス
401A,霞ヶ関ホテルリート投資法人
2114,フジ日本(株)
4058,トヨクモ(株)
8291,日産東京販売ホールディングス(株)
4027,テイカ(株)
6266,タツモ(株)
9768,いであ(株)
8860,フジ住宅(株)
3989,シェアリングテクノロジー(株)
2009,鳥越製粉(株)
7305,新家工業(株)
261A,(株)日水コン
8007,高島(株)
7717,(株)ブイ・テクノロジー
3199,綿半ホールディングス(株)
9286,エネクス・インフラ投資法人
402A,(株)アクセルスペースホールディングス
9880,イノテック(株)
3864,三菱製紙(株)
3488,セントラル・リート投資法人
8070,東京産業(株)
6279,(株)瑞光
1777,川崎設備工業(株)
9278,ブックオフグループホールディングス(株)
8920,(株)東祥
4463,日華化学(株)
7047,ポート(株)
8789,フィンテック　グローバル(株)
5592,(株)くすりの窓口
9035,第一交通産業(株)
3788,ＧＭＯグローバルサイン・ホールディングス(株)
9287,ジャパン・インフラファンド 投資法人
2922,(株)なとり
4499,(株)Ｓｐｅｅｅ
2469,ヒビノ(株)
3791,(株)ＩＧポート
8228,(株)マルイチ産商
341A,(株)トヨコー
4801,セントラルスポーツ(株)
3837,アドソル日進(株)
7823,(株)アートネイチャー
3597,(株)自重堂
1972,三晃金属工業(株)
3548,(株)バロックジャパンリミテッド
5909,(株)コロナ
6227,ＡＩメカテック(株)
2998,クリアル(株)
8772,(株)アサックス
296A,令和アカウンティング・ホールディングス(株)
4671,(株)ファルコホールディングス
2753,(株)あみやき亭
3694,(株)オプティム
3877,中越パルプ工業(株)
2301,(株)学情
3393,スターティアホールディングス(株)
9067,(株)丸運
5632,三菱製鋼(株)
7570,橋本総業ホールディングス(株)
2418,(株)ツカダ・グローバルホールディング
6535,(株)アイモバイル
5957,日東精工(株)
5243,ｎｏｔｅ(株)
4579,ラクオリア創薬(株)
2814,佐藤食品工業(株)
2674,(株)ハードオフコーポレーション
7420,佐鳥電機(株)
3421,(株)稲葉製作所
8704,トレイダーズホールディングス(株)
6832,アオイ電子(株)
9319,(株)中央倉庫
6835,アライドテレシスホールディングス(株)
8869,明和地所(株)
462A,(株)ＦＵＮＤＩＮＮＯ
7962,(株)キングジム
1828,田辺工業(株)
2266,六甲バター(株)
5574,(株)ＡＢＥＪＡ
3678,(株)メディアドゥ
6089,(株)ウィルグループ
3915,(株)テラスカイ
5218,(株)オハラ
3921,(株)ネオジャパン
250A,シマダヤ(株)
4082,第一稀元素化学工業(株)
9057,遠州トラック(株)
6763,帝国通信工業(株)
3939,(株)カナミックネットワーク
9769,(株)学究社
5845,全保連(株)
9268,(株)オプティマスグループ
6706,電気興業(株)
9908,Ｄｅｎｋｅｉ
7638,(株)ＮＥＷ　ＡＲＴ　ＨＯＬＤＩＮＧＳ
7779,ＣＹＢＥＲＤＹＮＥ(株)
9158,(株)シーユーシー
7683,(株)ダブルエー
4783,ＮＣＤ(株)
7678,(株)あさくま
6378,木村化工機(株)
5363,(株)ＴＹＫ
8364,(株)清水銀行
4013,勤次郎(株)
7888,三光合成(株)
3902,メディカル・データ・ビジョン(株)
7187,ジェイリース(株)
6086,シンメンテホールディングス(株)
9359,伊勢湾海運(株)
4933,(株)Ｉ－ｎｅ
8928,穴吹興産(株)
3712,(株)情報企画
6482,ＹＵＳＨＩＮ(株)
9535,広島ガス(株)
4847,(株)インテリジェント　ウェイブ
6245,(株)ヒラノテクシード
6850,(株)チノー
7637,白銅(株)
2700,木徳神糧(株)
6539,(株)ＭＳ－Ｊａｐａｎ
6264,(株)マルマエ
3526,芦森工業(株)
4258,(株)網屋
7191,(株)イントラスト
146A,コロンビア・ワークス(株)
7856,萩原工業(株)
9913,日邦産業(株)
3179,シュッピン(株)
3696,(株)セレス
3947,ダイナパック(株)
9979,(株)大庄
2819,エバラ食品工業(株)
5981,東京製綱(株)
9171,栗林商船(株)
5729,日本精鉱(株)
3553,共和レザー(株)
7475,アルビス(株)
7505,扶桑電通(株)
7488,(株)ヤガミ
6246,(株)テクノスマート
7030,(株)スプリックス
2804,ブルドックソース(株)
8301,日本銀行
6626,ＳＥＭＩＴＥＣ(株)
6986,双葉電子工業(株)
1384,(株)ホクリヨウ
3611,(株)マツオカコーポレーション
9788,(株)ナック
4979,ＯＡＴアグリオ(株)
3133,(株)海帆
6927,ヘリオス　テクノ　ホールディング(株)
6989,北陸電気工業(株)
9644,(株)タナベコンサルティンググループ
2185,(株)シイエム・シイ
4333,(株)東邦システムサイエンス
7466,ＳＰＫ(株)
6257,(株)藤商事
7480,スズデン(株)
3178,チムニー(株)
6469,(株)放電精密加工研究所
4404,ミヨシ油脂(株)
4745,(株)東京個別指導学院
4968,荒川化学工業(株)
6365,(株)電業社機械製作所
4310,(株)ドリームインキュベータ
7185,ヒロセ通商(株)
7294,(株)ヨロズ
9994,(株)やまや
9029,(株)ヒガシホールディングス
3649,(株)ファインデックス
2933,(株)紀文食品
3271,(株)ＴＨＥグローバル社
8158,ソーダニッカ(株)
6470,大豊工業(株)
1960,(株)サンテック
6040,日本スキー場開発(株)
9424,日本通信(株)
9083,神姫バス(株)
2982,(株)ＡＤワークスグループ
3489,(株)フェイスネットワーク
9332,ＮＩＳＳＯホールディングス(株)
4393,(株)バンク・オブ・イノベーション
4251,恵和(株)
7675,セントラルフォレストグループ(株)
5933,アルインコ(株)
7554,(株)幸楽苑
5945,天龍製鋸(株)
2491,バリューコマース(株)
9402,中部日本放送(株)
4092,日本化学工業(株)
421A,(株)ムービン・ストラテジック・キャリア
9782,(株)ディーエムエス
1381,(株)アクシーズ
6037,楽待(株)
4563,アンジェス(株)
3925,(株)ダブルスタンダード
2198,アイ・ケイ・ケイホールディングス(株)
3968,セグエグループ(株)
5535,ミガロホールディングス(株)
9283,日本再生可能エネルギーインフラ投資法人
2120,(株)ＬＩＦＵＬＬ
218A,(株)Ｌｉｂｅｒａｗａｒｅ
4064,日本カーバイド工業(株)
4410,ハリマ化成グループ(株)
6566,(株)要興業
3565,アセンテック(株)
3648,ＡＧＳ(株)
3276,(株)ＪＰＭＣ
2932,(株)ＳＴＩフードホールディングス
6565,ＡＢホテル(株)
3242,(株)アーバネットコーポレーション
4889,(株)レナサイエンス
5074,テスホールディングス(株)
7317,(株)松屋アールアンドディ
5132,(株)ｐｌｕｓｚｅｒｏ
3075,(株)銚子丸
9027,(株)ロジネットジャパン
7115,(株)アルファパーチェス
1832,(株)北海電工
4588,オンコリスバイオファーマ(株)
8118,(株)キング
3656,ＫＬａｂ(株)
9990,(株)サックスバー　ホールディングス
2378,(株)ルネサンス
8089,ナイス(株)
4813,(株)ＡＣＣＥＳＳ
3676,(株)デジタルハーツホールディングス
9216,ビーウィズ(株)
2882,(株)イートアンドホールディングス
6184,(株)鎌倉新書
3547,(株)串カツ田中ホールディングス
4977,新田ゼラチン(株)
3055,(株)ほくやく・竹山ホールディングス
5015,ビーピー・カストロール(株)
3834,(株)朝日ネット
7952,(株)河合楽器製作所
7095,(株)Ｍａｃｂｅｅ　Ｐｌａｎｅｔ
9850,(株)グルメ杵屋
9204,スカイマーク(株)
431A,ユーソナー(株)
3662,(株)エイチームホールディングス
6496,(株)中北製作所
414A,(株)オーバーラップホールディングス
9233,アジア航測(株)
6157,日進工具(株)
8981,ジャパン・ホテル・アンド・リゾート投資法人
7409,ＡｅｒｏＥｄｇｅ(株)
5285,(株)ヤマックス
8091,ニチモウ(株)
9115,明海グループ(株)
2163,(株)アルトナー
8041,ＯＵＧホールディングス(株)
8076,(株)カノークス
8093,極東貿易(株)
7033,(株)マネジメントソリューションズ
6779,日本電波工業(株)
6874,協立電機(株)
3529,アツギ(株)
372A,(株)レント
4344,ソースネクスト(株)
2903,シノブフーズ(株)
4538,扶桑薬品工業(株)
9322,川西倉庫(株)
6382,トリニティ工業(株)
9059,カンダホールディングス(株)
5280,ヨシコン(株)
3992,(株)ニーズウェル
9799,旭情報サービス(株)
9996,(株)サトー商会
6445,(株)ジャノメ
5078,(株)セレコーポレーション
3772,ウェルス・マネジメント(株)
300A,ＭＩＣ(株)
4809,パラカ(株)
7481,尾家産業(株)
3457,(株)Ａｎｄ　Ｄｏホールディングス
7273,(株)イクヨ
8085,ナラサキ産業(株)
8029,(株)ルックホールディングス
2338,クオンタムソリューションズ(株)
7820,ニホンフラッシュ(株)
9338,(株)ＩＮＦＯＲＩＣＨ
7266,(株)今仙電機製作所
2471,(株)エスプール
4371,(株)コアコンセプト・テクノロジー
5142,アキレス(株)
3901,マークラインズ(株)
4973,日本高純度化学(株)
436A,サイバーソリューションズ(株)
9145,(株)ビーイングホールディングス
6199,(株)セラク
3023,ラサ商事(株)
2477,手間いらず(株)
3068,(株)ＷＤＩ
4498,サイバートラスト(株)
4635,東京インキ(株)
278A,Ｔｅｒｒａ　Ｄｒｏｎｅ(株)
3835,ｅＢＡＳＥ(株)
6853,(株)共和電業
5139,オープンワーク(株)
3417,大木ヘルスケアホールディングス(株)
6643,(株)戸上電機製作所
3484,(株)イノベーションホールディングス
9046,神戸電鉄(株)
3951,朝日印刷(株)
7318,セレンディップ・ホールディングス(株)
6312,フロイント産業(株)
6298,ワイエイシイホールディングス(株)
4668,(株)明光ネットワークジャパン
9168,(株)ライズ・コンサルティング・グループ
7871,フクビ化学工業(株)
5918,瀧上工業(株)
6678,(株)テクノメディカ
6050,イー・ガーディアン(株)
3166,ＯＣＨＩホールディングス(株)
2929,(株)ファーマフーズ
2415,ヒューマンホールディングス(株)
6505,東洋電機製造(株)
6076,(株)アメイズ
9702,(株)アイ・エス・ビー
2445,(株)タカミヤ
6572,オープングループ(株)
6073,(株)アサンテ
7472,(株)鳥羽洋行
3963,(株)シンクロ・フード
2497,ユナイテッド(株)
8095,アステナホールディングス(株)
3157,ジオリーブグループ(株)
7643,(株)ダイイチ
3810,サイバーステップホールディングス(株)
5932,三協立山(株)
2930,(株)北の達人コーポレーション
7774,(株)ジャパン・ティッシュエンジニアリング
9163,(株)ナレルグループ
3850,(株)ＮＴＴデータイントラマート
6484,(株)ＫＶＫ
4620,藤倉化成(株)
7254,(株)ユニバンス
1914,日本基礎技術(株)
7347,(株)マーキュリアホールディングス
8537,(株)大光銀行
3180,(株)ビューティガレージ
7417,(株)南陽
3914,ＪＩＧ－ＳＡＷ(株)
4994,大成ラミックグループ(株)
5922,那須電機鉄工(株)
5269,日本コンクリート工業(株)
3773,(株)アドバンスト・メディア
8917,ファースト住建(株)
5852,(株)アーレスティ
6798,ＳＭＫ(株)
5337,ダントーホールディングス(株)
6540,(株)船場
6912,菊水ホールディングス(株)
8931,和田興産(株)
3501,ＳＵＭＩＮＯＥ(株)
8737,(株)あかつき本社
9651,日本プロセス(株)
1376,カネコ種苗(株)
9257,ＹＣＰホールディングス（グローバル）
6262,(株)ＰＥＧＡＳＵＳ
9982,タキヒヨー(株)
2806,ユタカフーズ(株)
5816,オーナンバ(株)
8999,グランディハウス(株)
4418,(株)ＪＤＳＣ
4231,タイガースポリマー(株)
4998,フマキラー(株)
9033,広島電鉄(株)
2204,(株)中村屋
4767,(株)テー・オー・ダブリュー
6294,オカダアイヨン(株)
7521,(株)ムサシ
6562,(株)ジーニー
3665,(株)エニグモ
6358,酒井重工業(株)
4433,(株)ヒト・コミュニケーションズ・ホールディングス
4053,(株)Ｓｕｎ　Ａｓｔｅｒｉｓｋ
6962,(株)大真空
6293,日精樹脂工業(株)
7621,(株)うかい
3154,メディアスホールディングス(株)
9765,(株)オオバ
2892,日本食品化工(株)
6493,(株)ＮＩＴＴＡＮ
3415,(株)ＴＯＫＹＯ　ＢＡＳＥ
9686,東洋テック(株)
5951,ダイニチ工業(株)
5589,(株)オートサーバー
6571,キュービーネットホールディングス(株)
6629,テクノホライゾン(株)
7299,フジオーゼックス(株)
1770,藤田エンジニアリング(株)
4228,積水化成品工業(株)
9211,(株)エフ・コード
2112,塩水港精糖(株)
1867,(株)植木組
9537,北陸ガス(株)
4493,(株)サイバーセキュリティクラウド
9312,ケイヒン(株)
9612,(株)ラックランド
5658,日亜鋼業(株)
9251,(株)ＡＢ＆Ｃｏｍｐａｎｙ
1435,(株)ｒｏｂｏｔ　ｈｏｍｅ
3853,アステリア(株)
2134,北浜キャピタルパートナーズ(株)
4320,(株)ＣＥホールディングス
8542,(株)トマト銀行
6224,(株)ＪＲＣ
2924,イフジ産業(株)
5698,(株)エンビプロ・ホールディングス
7743,(株)シード
3361,(株)トーエル
6580,(株)ライトアップ
3903,(株)ｇｕｍｉ
7068,フィードフォースグループ(株)
2307,(株)クロスキャット
7377,ＤＮホールディングス(株)
6918,(株)アバールデータ
4113,田岡化学工業(株)
2936,ベースフード(株)
9414,日本ＢＳ放送(株)
2335,(株)キューブシステム
3454,ファーストブラザーズ(株)
3640,(株)電算
2694,(株)焼肉坂井ホールディングス
6167,冨士ダイス(株)
3329,東和フードサービス(株)
8747,豊トラスティ証券(株)
1431,(株)Ｌｉｂ　Ｗｏｒｋ
3924,(株)ランドコンピュータ
4691,ワシントンホテル(株)
1981,(株)協和日成
7122,近畿車輛(株)
4482,(株)ウィルズ
7634,(株)星医療酸器
5388,クニミネ工業(株)
7539,(株)アイナボホールディングス
1850,南海辰村建設(株)
2884,(株)ヨシムラ・フード・ホールディングス
5254,(株)Ａｒｅｎｔ
7320,Ｓｏｌｖｖｙ(株)
7562,(株)安楽亭
3300,(株)アンビション　ＤＸ　ホールディングス
6521,(株)オキサイド
6317,(株)北川鉄工所
1716,第一カッター興業(株)
6848,東亜ディーケーケー(株)
367A,プリモグローバルホールディングス(株)
7811,中本パックス(株)
9085,北海道中央バス(株)
3504,(株)丸八ホールディングス
6159,ミクロン精密(株)
3562,(株)Ｎｏ．１
6191,(株)エアトリ
3542,(株)ベガコーポレーション
7991,マミヤ・オーピー(株)
2983,(株)アールプランナー
2935,(株)ピックルスホールディングス
6039,(株)日本動物高度医療センター
6232,(株)ＡＣＳＬ
2152,幼児活動研究会(株)
7699,オムニ・プラス・システム
5258,(株)トランザクション・メディア・ネットワークス
9857,英和(株)
6392,(株)ヤマダコーポレーション
7110,(株)クラシコム
9034,南総通運(株)
8046,丸藤シートパイル(株)
4575,(株)キャンバス
7987,ナカバヤシ(株)
9367,大東港運(株)
6616,トレックス・セミコンダクター(株)
6405,鈴茂器工(株)
3096,(株)オーシャンシステム
7094,(株)ＮｅｘＴｏｎｅ
5621,(株)ヒューマンテクノロジーズ
5644,(株)メタルアート
2193,クックパッド(株)
3723,日本ファルコム(株)
9074,日本石油輸送(株)
4446,Ｌｉｎｋ－Ｕグループ(株)
6928,(株)エノモト
3558,ジェイドグループ(株)
5885,(株)ジーデップ・アドバンス
4811,(株)ドリーム・アーツ
2315,(株)ＣＡＩＣＡ　ＤＩＧＩＴＡＬ
6373,大同工業(株)
9553,(株)マイクロアド
8887,(株)シーラホールディングス
4599,(株)ステムリム
2991,(株)ランドネット
4448,(株)ｋｕｂｅｌｌ
2484,(株)出前館
6255,(株)エヌ・ピー・シー
9986,蔵王産業(株)
6797,名古屋電機工業(株)
9307,(株)杉村倉庫
5356,美濃窯業(株)
3800,(株)ユニリタ
5484,東北特殊鋼(株)
2597,(株)ユニカフェ
4350,(株)メディカルシステムネットワーク
7235,東京ラヂエーター製造(株)
3140,ＢＲＵＮＯ(株)
2937,(株)サンクゼール
2981,(株)ランディックス
4409,東邦化学工業(株)
7523,アールビバン(株)
7727,(株)オーバル
3103,ユニチカ(株)
4347,ブロードメディア(株)
7927,ムトー精工(株)
9691,(株)両毛システムズ
9306,東陽倉庫(株)
5941,(株)中西製作所
8202,ラオックスホールディングス(株)
2130,(株)メンバーズ
1726,(株)ビーアールホールディングス
297A,アルピコホールディングス(株)
4299,(株)ハイマックス
9248,人・夢・技術グループ(株)
5965,(株)フジマック
6390,(株)加藤製作所
7725,(株)インターアクション
4263,サスメド(株)
2340,(株)極楽湯ホールディングス
4574,大幸薬品(株)
1826,佐田建設(株)
6203,豊和工業(株)
276A,ククレブ・アドバイザーズ(株)
7849,スターツ出版(株)
8030,中央魚類(株)
3683,(株)サイバーリンクス
6863,(株)ニレコ
5958,三洋工業(株)
4465,(株)ニイタカ
8908,(株)毎日コムネット
4957,ヤスハラケミカル(株)
6149,(株)小田原エンジニアリング
7487,小津産業(株)
9753,アイエックス・ナレッジ(株)
9245,(株)リベロ
7358,(株)ポピンズ
9399,ビート・ホールディングス・リミテッド
6464,(株)ツバキ・ナカシマ
1892,徳倉建設(株)
274A,(株)ガーデン
5590,(株)ネットスターズ
7212,(株)エフテック
9049,京福電気鉄道(株)
5284,ヤマウホールディングス(株)
8105,Ｂｉｔｃｏｉｎ　Ｊａｐａｎ(株)
4495,(株)アイキューブドシステムズ
1787,(株)ナカボーテック
155A,(株)情報戦略テクノロジー
7228,(株)デイトナ
3321,ミタチ産業(株)
9564,(株)ＦＣＥ
3997,(株)トレードワークス
6194,(株)アトラエ
7646,(株)ＰＬＡＮＴ
8023,ＤＡＩＫＯ　ＸＴＥＣＨ(株)
6440,ＪＵＫＩ(株)
7354,(株)ダイレクトマーケティングミックス
5268,旭コンクリート工業(株)
6035,(株)アイ・アールジャパンホールディングス
2970,(株)グッドライフカンパニー
9701,(株)東京會舘
7119,(株)ハルメクホールディングス
1776,三井住建道路(株)
4434,(株)サーバーワークス
6492,岡野バルブ製造(株)
8383,(株)鳥取銀行
4026,神島化学工業(株)
9221,フルハシＥＰＯ(株)
4978,(株)リプロセル
7908,ＫＩＭＯＴＯ
5246,(株)ＥＬＥＭＥＮＴＳ
3467,アグレ都市デザイン(株)
7775,大研医器(株)
194A,(株)ＷＯＬＶＥＳ　ＨＡＮＤ
1798,(株)守谷商会
5079,(株)ノバック
9450,(株)ファイバーゲート
5537,(株)ＡｌｂａＬｉｎｋ
8918,(株)ランド
2904,一正蒲鉾(株)
2354,(株)ＹＥ　ＤＩＧＩＴＡＬ
6444,サンデン(株)
2816,(株)ダイショー
4761,(株)さくらケーシーエス
9272,ブティックス(株)
9704,(株)アゴーラホスピタリティーグループ
7081,コーユーレンティア(株)
9713,(株)ロイヤルホテル
9408,(株)ＢＳＮメディアホールディングス
6165,パンチ工業(株)
7999,ＭＵＴＯＨホールディングス(株)
6743,大同信号(株)
3189,(株)ＡＮＡＰホールディングス
3031,(株)ラクーンホールディングス
1717,明豊ファシリティワークス(株)
5018,(株)ＭＯＲＥＳＣＯ
6730,(株)アクセル
366A,ウェルネス・コミュニケーションズ(株)
6393,油研工業(株)
4712,(株)ＫｅｙＨｏｌｄｅｒ
4080,(株)田中化学研究所
4425,Ｋｕｄａｎ(株)
9249,日本エコシステム(株)
5137,(株)スマートドライブ
4570,(株)免疫生物研究所
378A,(株)ヒット
3460,ジャパン・シニアリビング投資法人
6210,ＴＯＹＯイノベックス(株)
7940,ウェーブロックホールディングス(株)
4235,ウルトラファブリックス・ホールディングス(株)
4238,ミライアル(株)
8349,(株)東北銀行
3556,リネットジャパングループ(株)
6882,(株)三社電機製作所
8927,(株)明豊エンタープライズ
3937,(株)Ｕｂｉｃｏｍホールディングス
7271,(株)安永
6613,(株)ＱＤレーザ
9818,大丸エナウィン(株)
9351,東洋埠頭(株)
2173,(株)博展
9763,丸建リース(株)
5819,カナレ電気(株)
7792,(株)コラントッテ
4412,(株)サイエンスアーツ
3109,シキボウ(株)
3308,日本ヘルスケア投資法人
336A,ダイナミックマッププラットフォーム(株)
6087,(株)アビスト
6044,(株)三機サービス
3392,デリカフーズホールディングス(株)
369A,(株)エータイ
5586,(株)Ｌａｂｏｒｏ．ＡＩ
3079,ディーブイエックス(株)
4286,(株)ＣＬホールディングス
7097,(株)さくらさくプラス
4441,トビラシステムズ(株)
9428,(株)クロップス
2410,(株)キャリアデザインセンター
4382,ＨＥＲＯＺ(株)
6030,(株)アドベンチャー
6047,(株)Ｇｕｎｏｓｙ
3900,(株)クラウドワークス
7809,(株)壽屋
5532,(株)リアルゲイト
3777,(株)環境フレンドリーホールディングス
3856,Ａｂａｌａｎｃｅ(株)
6403,水道機工(株)
4772,(株)ＳＭ　ＥＮＴＥＲＴＡＩＮＭＥＮＴ　ＪＡＰＡＮ
9890,(株)マキヤ
1873,(株)日本ハウスホールディングス
4800,オリコン(株)
6291,日本エアーテック(株)
4627,ナトコ(株)
6772,東京コスモス電機(株)
3804,(株)システム　ディ
9993,(株)ヤマザワ
2689,オルバヘルスケアホールディングス(株)
9270,バリュエンスホールディングス(株)
7600,(株)日本エム・ディ・エム
9731,(株)白洋舍
3020,アプライド(株)
8898,(株)センチュリー２１・ジャパン
1430,ファーストコーポレーション(株)
9229,(株)サンウェルズ
4093,東邦アセチレン(株)
2169,ＣＤＳ(株)
1966,(株)高田工業所
5921,川岸工業(株)
5204,石塚硝子(株)
6045,(株)レントラックス
2428,ウェルネット(株)
2927,(株)ＡＦＣ－ＨＤアムスライフサイエンス
5582,(株)グリッド
7561,(株)ハークスレイ
5237,(株)ノザワ
2334,(株)イオレ
4284,(株)ソルクシーズ
3447,信和(株)
6488,(株)ヨシタケ
9343,(株)アイビス
2180,(株)サニーサイドアップグループ
6018,阪神内燃機工業(株)
3943,大石産業(株)
8904,(株)ＡＶＡＮＴＩＡ
3175,(株)エー・ピーホールディングス
272A,(株)グリーンクロスホールディングス
5869,(株)早稲田学習研究会
3954,昭和パックス(株)
2818,(株)ピエトロ
2901,(株)ウェルディッシュ
3633,ＧＭＯペパボ(株)
7885,タカノ(株)
3793,(株)ドリコム
7050,(株)フロンティアインターナショナル
2586,(株)フルッタフルッタ
2224,(株)コモ
6955,ＦＤＫ(株)
3675,(株)クロス・マーケティンググループ
6356,日本ギア工業(株)
2686,(株)ジーフット
1450,ＴＡＮＡＫＥＮ(株)
7608,(株)エスケイジャパン
3918,ＰＣＩホールディングス(株)
6322,(株)タクミナ
7686,(株)ひとまいる
6533,(株)Ｏｒｃｈｅｓｔｒａ　Ｈｏｌｄｉｎｇｓ
9554,(株)ＡＶｉＣ
7247,(株)ミクニ
8945,サンネクスタグループ(株)
7722,国際計測器(株)
3657,ポールトゥウィンホールディングス(株)
4838,スペースシャワーＳＫＩＹＡＫＩホールディングス(株)
3294,(株)イーグランド
2652,(株)まんだらけ
7636,(株)ハンズマン
7277,(株)ＴＢＫ
6091,(株)ウエスコホールディングス
2883,(株)大冷
4762,(株)エックスネット
3434,(株)アルファ
3513,イチカワ(株)
9560,(株)プログリット
5942,日本フイルコン(株)
4875,メディシノバ
4374,(株)ＲＯＢＯＴ　ＰＡＹＭＥＮＴ
1433,ベステラ(株)
8165,(株)千趣会
2489,(株)アドウェイズ
9636,(株)きんえい
6161,(株)エスティック
7819,粧美堂(株)
7218,田中精密工業(株)
3544,サツドラホールディングス(株)
3512,日本フエルト(株)
5282,ジオスター(株)
4932,(株)アルマード
9633,東京テアトル(株)
7879,(株)ノダ
1807,(株)佐藤渡辺
8207,テンアライド(株)
407A,(株)ＵＮＩＣＯＮホールディングス
3053,(株)ペッパーフードサービス
3435,サンコーテクノ(株)
7713,シグマ光機(株)
5967,ＴＯＮＥ(株)
7416,(株)はるやまホールディングス
6561,(株)ＨＡＮＡＴＯＵＲ　ＪＡＰＡＮ
3418,(株)バルニバービ
352A,(株)ＬＯＩＶＥ
5255,(株)モンスターラボ
9325,ファイズホールディングス(株)
5955,(株)ワイズホールディングス
6180,ＧＭＯメディア(株)
3277,(株)サンセイランディック
5578,ＡＲアドバンストテクノロジ(株)
3776,(株)ブロードバンドタワー
3979,(株)うるる
4169,ＥＮＥＣＨＡＮＧＥ(株)
4935,(株)リベルタ
6907,ジオマテック(株)
4644,イマジニア(株)
441A,ＮＥ(株)
9407,(株)ＲＫＢ毎日ホールディングス
5588,ファーストアカウンティング(株)
6337,(株)テセック
2344,平安レイサービス(株)
7841,(株)遠藤製作所
4168,(株)ヤプリ
4222,児玉化学工業(株)
4642,オリジナル設計(株)
3420,(株)ケー・エフ・シー
4331,(株)テイクアンドギヴ・ニーズ
9846,(株)天満屋ストア
7614,(株)オーエムツーネットワーク
4346,(株)ＮＥＸＹＺ．Ｇｒｏｕｐ
5136,ｔｒｉｐｌａ(株)
3030,(株)ハブ
5071,(株)ヴィス
1897,金下建設(株)
7670,オーウエル(株)
2485,(株)ティア
3991,ウォンテッドリー(株)
6082,(株)ライドオンエクスプレスホールディングス
5724,(株)アサカ理研
3911,(株)Ａｉｍｉｎｇ
8152,ソマール(株)
7702,(株)ＪＭＳ
6919,ケル(株)
7374,(株)コンフィデンス・インターワークス
9380,東海運(株)
3082,(株)きちりホールディングス
3955,(株)イムラ
5940,不二サッシ(株)
7692,(株)アースインフィニティ
4248,竹本容器(株)
4356,応用技術(株)
8190,(株)ヤマナカ
6668,(株)アドテック　プラズマ　テクノロジー
6870,日本フェンオール(株)
3571,(株)ソトー
6316,(株)丸山製作所
7450,(株)サンデー
3538,(株)ウイルプラスホールディングス
4055,ティアンドエスグループ(株)
5892,(株)ｙｕｔｏｒｉ
3969,(株)エイトレッド
4193,(株)ファブリカホールディングス
3799,キーウェアソリューションズ(株)
4175,(株)ｃｏｌｙ
8289,(株)Ｏｌｙｍｐｉｃグループ
7822,永大産業(株)
3236,(株)プロパスト
332A,ミーク(株)
8563,(株)大東銀行
4011,(株)ヘッドウォータース
9227,マイクロ波化学(株)
5707,東邦亜鉛(株)
4367,広栄化学(株)
6748,星和電機(株)
7444,ハリマ共和物産(株)
8127,ヤマト　インターナショナル(株)
1434,ＪＥＳＣＯホールディングス(株)
1768,(株)ソネック
3320,クロスプラス(株)
1853,(株)森組
9950,(株)ハチバン
7441,(株)Ｍｉｓｕｍｉ
4420,イーソル(株)
4414,(株)フレクト
5983,イワブチ(株)
4488,ＡＩ　ｉｎｓｉｄｅ(株)
4192,スパイダープラス(株)
7445,(株)ライトオン
7514,(株)ヒマラヤ
3934,(株)ベネフィットジャパン
4054,日本情報クリエイト(株)
7781,(株)平山ホールディングス
8398,(株)筑邦銀行
423A,(株)ライオン事務器
7551,(株)ウェッズ
2162,ｎｍｓホールディングス(株)
1418,インターライフホールディングス(株)
9698,(株)クレオ
7161,(株)じもとホールディングス
4667,アイサンテクノロジー(株)
4571,ＮＡＮＯ　ホールディングス(株)
9904,(株)ベリテ
4584,キッズウェル・バイオ(株)
6176,(株)ブランジスタ
3641,(株)パピレス
1401,(株)エムビーエス
1491,中外鉱業(株)
6658,シライ電子工業(株)
9311,アサガミ(株)
9791,(株)ビケンテクノ
8705,日産証券グループ(株)
6554,(株)エスユーエス
9252,(株)ラストワンマイル
6862,ミナトホールディングス(株)
4376,(株)くふうカンパニーホールディングス
8104,クワザワホールディングス(株)
9341,(株)ＧＥＮＯＶＡ
6560,(株)エル・ティー・エス
1848,(株)富士ピー・エス
8365,(株)富山銀行
4308,(株)Ｊストリーム
8560,(株)宮崎太陽銀行
2750,石光商事(株)
1905,(株)テノックス
5607,中央可鍛工業(株)
2993,(株)長栄
5984,兼房(株)
4479,(株)マクアケ
3094,(株)スーパーバリュー
9337,(株)トリドリ
8769,(株)アドバンテッジリスクマネジメント
1718,美樹工業(株)
4125,三和油化工業(株)
9193,東京汽船(株)
4651,(株)サニックスホールディングス
2321,(株)ソフトフロントホールディングス
5187,クリエートメディック(株)
7378,(株)アシロ
7061,日本ホスピスホールディングス(株)
6904,原田工業(株)
3353,(株)メディカル一光グループ
5570,(株)ジェノバ
6769,ザインエレクトロニクス(株)
5391,(株)エーアンドエーマテリアル
3080,(株)ジェーソン
4512,わかもと製薬(株)
3004,神栄(株)
3541,(株)農業総合研究所
4366,ダイトーケミックス(株)
3063,(株)ジェイグループホールディングス
7795,(株)ＫＹＯＲＩＴＳＵ
4245,(株)ダイキアクシス
5891,(株)魁力屋
4936,(株)アクシージア
7610,(株)テイツー
3912,(株)モバイルファクトリー
2907,(株)あじかん
2798,(株)ワイズテーブルコーポレーション
5599,Ｓ＆Ｊ(株)
7875,竹田ｉＰホールディングス(株)
6094,(株)フリークアウト・ホールディングス
7084,(株)Ｓｍｉｌｅ　Ｈｏｌｄｉｎｇｓ
3926,(株)オープンドア
9285,東京インフラ・エネルギー投資法人
6230,ＳＡＮＥＩ(株)
9445,(株)フォーバルテレコム
2764,(株)ひらまつ
6384,(株)昭和真空
6239,(株)ナガオカ
6542,(株)ＦＣホールディングス
2708,(株)久世
6615,ユー・エム・シー・エレクトロニクス(株)
5888,ＤＡＩＷＡ　ＣＹＣＬＥ(株)
1783,(株)ｆａｎｔａｓｉｓｔａ
6208,(株)石川製作所
6557,ＡＩＡＩグループ(株)
428A,サイプレス・ホールディングス(株)
1436,(株)グリーンエナジー＆カンパニー
4392,ＦＩＧ(株)
2440,(株)ぐるなび
4389,プロパティデータバンク(株)
9959,アシードホールディングス(株)
7963,興研(株)
6156,(株)エーワン精密
3695,ＧＭＯプロダクトプラットフォーム(株)
5971,(株)共和工業所
9980,ＭＲＫホールディングス(株)
7082,(株)ジモティー
7227,アスカ(株)
7134,(株)アップガレージグループ
5244,(株)ｊｉｇ．ｊｐ
8562,(株)福島銀行
5572,(株)Ｒｉｄｇｅ－ｉ
7022,サノヤスホールディングス(株)
9872,北恵(株)
3184,ＩＣＤＡホールディングス(株)
4234,(株)サンエー化研
7635,杉田エース(株)
9063,岡山県貨物運送(株)
7486,サンリン(株)
3892,(株)岡山製紙
7565,萬世電機(株)
5368,日本インシュレーション(株)
8416,(株)高知銀行
5034,(株)ｕｎｅｒｒｙ
9218,(株)メンタルヘルステクノロジーズ
9360,鈴与シンワート(株)
4890,(株)坪田ラボ
9827,リリカラ(株)
6228,(株)ジェイ・イー・ティ
9475,(株)昭文社ホールディングス
6093,(株)エスクロー・エージェント・ジャパン
8135,ゼット(株)
7490,日新商事(株)
5871,ＳＯＬＩＺＥ　Ｈｏｌｄｉｎｇｓ(株)
5915,(株)駒井ハルテック
4524,森下仁丹(株)
5527,(株)ｐｒｏｐｅｒｔｙ　ｔｅｃｈｎｏｌｏｇｉｅｓ
3021,(株)パシフィックネット
4442,バルテス・ホールディングス(株)
2877,日東ベスト(株)
4317,(株)レイ
4237,フジプレアム(株)
1420,サンヨーホームズ(株)
2668,タビオ(株)
7898,(株)ウッドワン
6497,(株)ハマイ
9973,ＫＯＺＯホールディングス(株)
3904,(株)カヤック
4031,片倉コープアグリ(株)
6619,ダブル・スコープ(株)
5259,ＢＢＤイニシアティブ(株)
9558,ジャパニアス(株)
3135,(株)マーケットエンタープライズ
6402,兼松エンジニアリング(株)
254A,ＡＩフュージョンキャピタルグループ(株)
9888,(株)ＵＥＸ
5906,エムケー精工(株)
4262,ニフティライフスタイル(株)
7135,ジャパンクラフトホールディングス(株)
9262,(株)シルバーライフ
2813,和弘食品(株)
7673,ダイコー通産(株)
6568,神戸天然物化学(株)
2436,共同ピーアール(株)
2488,ＪＴＰ(株)
3168,(株)ＭＥＲＦ
7746,岡本硝子(株)
3551,ダイニック(株)
2332,(株)クエスト
160A,(株)アズパートナーズ
2735,(株)ワッツ
8045,横浜丸魚(株)
7435,(株)ナ・デックス
7087,(株)ウイルテック
7776,(株)セルシード
4430,東海ソフト(株)
153A,(株)カウリス
7682,(株)浜木綿
5248,(株)テクノロジーズ
9265,ヤマシタヘルスケアホールディングス(株)
7494,(株)コナカ
1844,(株)大盛工業
9170,成友興業(株)
9780,(株)ハリマビステム
339A,プログレス・テクノロジーズ　グループ(株)
7442,中山福(株)
4395,(株)アクリート
4224,ロンシール工業(株)
6819,伊豆シャボテンリゾート(株)
7049,(株)識学
3160,(株)大光
9761,東海リース(株)
4880,セルソース(株)
8147,(株)トミタ
2391,(株)プラネット
9051,センコン物流(株)
9160,(株)ノバレーゼ
9776,札幌臨床検査センター(株)
7264,(株)ムロコーポレーション
9264,ポエック(株)
3423,(株)エスイー
8119,(株)三栄コーポレーション
4397,(株)チームスピリット
7698,(株)アイスコ
6286,靜甲(株)
7196,(株)Ｃａｓａ
4406,新日本理化(株)
4888,ステラファーマ(株)
7133,ＨＹＵＧＡ　ＰＲＩＭＡＲＹ　ＣＡＲＥ(株)
7371,Ｚｅｎｋｅｎ(株)
3386,コスモ・バイオ(株)
3981,(株)ビーグリー
4769,(株)ＩＣ
5194,相模ゴム工業(株)
8107,(株)キムラタン
8039,築地魚市場(株)
2916,仙波糖化工業(株)
8144,(株)デンキョーグループホールディングス
3878,(株)巴川コーポレーション
9930,北沢産業(株)
6229,(株)オーケーエム
9017,新潟交通(株)
2551,マルサンアイ(株)
8783,ａｂｃ(株)
9867,ソレキア(株)
2122,(株)インタースペース
7677,(株)ヤシマキザイ
4597,ソレイジア・ファーマ(株)
9130,共栄タンカー(株)
7291,日本プラスト(株)
4015,ペイクラウドホールディングス(株)
7038,フロンティア・マネジメント(株)
7434,(株)オータケ
7367,(株)セルム
9679,ホウライ(株)
7096,(株)ステムセル研究所
7368,表示灯(株)
463A,(株)インテリックスホールディングス
3396,(株)フェリシモ
7887,南海プライウッド(株)
7950,日本デコラックス(株)
2370,(株)メディネット
3123,サイボー(株)
2303,(株)ドーン
9206,(株)スターフライヤー
4752,(株)昭和システムエンジニアリング
6346,キクカワエンタープライズ(株)
6899,ＡＳＴＩ(株)
5216,(株)倉元製作所
5660,神鋼鋼線工業(株)
5979,カネソウ(株)
6864,(株)エヌエフホールディングス
415A,ＧＭＯ　ＴＥＣＨホールディングス(株)
2919,(株)マルタイ
1997,暁飯島工業(株)
7938,(株)リーガルコーポレーション
343A,(株)ＩＡＣＥトラベル
8554,(株)南日本銀行
2330,(株)フォーサイド
5843,ニッポンインシュア(株)
3246,(株)コーセーアールイー
6059,(株)ウチヤマホールディングス
6031,ＺＥＴＡ(株)
2311,(株)エプコ
4176,(株)ココナラ
177A,コージンバイオ(株)
4256,(株)サインド
9664,(株)御園座
4623,(株)アサヒペン
416A,富士ユナイトホールディングス(株)
4264,(株)セキュア
9446,(株)サカイホールディングス
3671,ソフトマックス(株)
264A,(株)Ｓｃｈｏｏ
2769,(株)ヴィレッジヴァンガードコーポレーション
9720,(株)ホテル、ニューグランド
9471,(株)文溪堂
7624,(株)ＮａＩＴＯ
3134,Ｈａｍｅｅ(株)
245A,(株)ＩＮＧＳ
7325,(株)アイリックコーポレーション
410A,ＧＭＯコマース(株)
3560,(株)ほぼ日
3948,光ビジネスフォーム(株)
9723,(株)京都ホテル
3374,内外テック(株)
5923,高田機工(株)
6538,(株)ディスラプターズ
5476,日本高周波鋼業(株)
9162,(株)ブリーチ
9313,丸八倉庫(株)
7039,ブリッジインターナショナルグループ(株)
4583,(株)カイオム・バイオサイエンス
7619,田中商事(株)
7461,(株)キムラ
7674,(株)ＮＡＴＴＹ　ＳＷＡＮＫＹホールディングス
5591,(株)ＡＶＩＬＥＮ
190A,Ｃｈｏｒｄｉａ　Ｔｈｅｒａｐｅｕｔｉｃｓ(株)
6033,(株)エクストリーム
2186,ソーバル(株)
3750,(株)ＡＤＲ１２０Ｓ
4572,カルナバイオサイエンス(株)
7604,(株)梅の花グループ
6858,(株)小野測器
6428,(株)オーイズミ
4754,(株)トスネット
2183,(株)リニカル
7192,日本モーゲージサービス(株)
6998,日本タングステン(株)
156A,マテリアルグループ(株)
5903,ＳＨＩＮＰＯ(株)
4476,ＡＩ　ＣＲＯＳＳ(株)
3719,ＡＩストーム(株)
7343,ブロードマインド(株)
9514,(株)エフオン
7590,(株)タカショー
5994,(株)ファインシンター
7833,(株)アイフィスジャパン
4624,イサム塗料(株)
4896,(株)ケイファーマ
6069,トレンダーズ(株)
9173,東海汽船(株)
4629,大伸化学(株)
4564,オンコセラピー・サイエンス(株)
6597,ＨＰＣシステムズ(株)
7425,初穂商事(株)
1992,神田通信機(株)
338A,(株)ＺｅｎｍｕＴｅｃｈ
9340,(株)アソインターナショナル
2055,日和産業(株)
5367,(株)ニッカトー
6343,フリージア・マクロス(株)
6654,不二電機工業(株)
4040,南海化学(株)
3652,(株)ディジタルメディアプロフェッショナル
6327,北川精機(株)
2138,クルーズ(株)
3069,(株)ＪＦＬＡホールディングス
9246,(株)プロジェクトホールディングス
3446,(株)ジェイテックコーポレーション
6189,(株)グローバルキッズＣＯＭＰＡＮＹ
3566,ユニフォームネクスト(株)
7213,レシップホールディングス(株)
6466,(株)ＴＶＥ
2286,林兼産業(株)
6513,(株)オリジン
6267,ゼネラルパッカー(株)
6494,(株)ＮＦＫホールディングス
205A,(株)ロゴスホールディングス
4056,ニューラルグループ(株)
4845,(株)スカラ
6570,(株)共和コーポレーション
3241,(株)ウィル
9903,(株)カンセキ
2934,ジェイフロンティア(株)
4586,(株)メドレックス
9478,ＳＥホールディングス・アンド・インキュベーションズ(株)
8071,東海エレクトロニクス(株)
5695,パウダーテック(株)
291A,(株)リスキル
7297,(株)カーメイト
9927,(株)ワットマン
6338,(株)タカトリ
3444,(株)菊池製作所
6022,(株)赤阪鐵工所
3495,香陵住販(株)
4074,(株)ラキール
8226,(株)理経
4100,戸田工業(株)
6111,旭精機工業(株)
9036,東部ネットワーク(株)
4261,アジアクエスト(株)
8798,(株)アドバンスクリエイト
5576,(株)オービーシステム
3823,ＴＨＥ　ＷＨＹ　ＨＯＷ　ＤＯ　ＣＯＭＰＡＮＹ(株)
2404,(株)鉄人化ホールディングス
4398,(株)ブロードバンドセキュリティ
5533,(株)エリッツホールディングス
8700,丸八証券(株)
3121,マーチャント・バンカーズ(株)
8594,中道リース(株)
7872,エステールホールディングス(株)
8077,トルク(株)
6042,(株)ニッキ
7509,アイエーグループ(株)
4436,(株)ミンカブ・ジ・インフォノイド
9223,(株)ＡＳＮＯＶＡ
3323,レカム(株)
4019,(株)スタメン
6495,(株)宮入バルブ製作所
5998,(株)アドバネクス
6185,ＳＭＮ(株)
9060,日本ロジテム(株)
4925,(株)ハーバー研究所
4539,日本ケミファ(株)
6546,フルテック(株)
3623,ビリングシステム(株)
9127,玉井商船(株)
7089,フォースタートアップス(株)
3848,(株)データ・アプリケーション
7812,(株)クレステック
4012,(株)アクシス
7040,(株)サン・ライフホールディング
7506,(株)ハウス　オブ　ローゼ
4319,ＴＡＣ(株)
4450,(株)パワーソリューションズ
5596,アウトルックコンサルティング(株)
9656,グリーンランドリゾート(株)
8894,(株)ＲＥＶＯＬＵＴＩＯＮ
4531,有機合成薬品工業(株)
6551,(株)ツナググループ・ホールディングス
2776,新都ホールディングス(株)
3698,(株)ＣＲＩ・ミドルウェア
8891,ＡＭＧホールディングス(株)
1841,サンユー建設(株)
3628,(株)データホライゾン
7883,サンメッセ(株)
3143,オーウイル(株)
4893,ノイルイミューン・バイオテック(株)
173A,(株)ハンモック
3280,(株)エストラスト
2136,(株)ヒップ
7079,ＷＤＢココ(株)
2796,ファーマライズホールディングス(株)
253A,(株)ＥＴＳグループ
2984,ヤマイチエステート(株)
3758,(株)アエリア
4598,Ｄｅｌｔａ－Ｆｌｙ　Ｐｈａｒｍａ(株)
2483,(株)翻訳センター
4380,(株)Ｍマート
2385,(株)総医研ホールディングス
7175,今村証券(株)
4415,(株)ブロードエンタープライズ
6612,バルミューダ(株)
7060,ギークス(株)
1447,ＳＡＡＦホールディングス(株)
9346,(株)ココルポート
8835,太平洋興発(株)
7034,(株)プロレド・パートナーズ
3940,(株)ノムラシステムコーポレーション
3293,アズマハウス(株)
5966,ＫＴＣ(株)
3070,(株)ジェリービーンズグループ
2373,(株)ケア２１
7048,ベルトラ(株)
3440,日創グループ(株)
2438,(株)アスカネット
5381,マイポックス(株)
3173,(株)Ｃｏｍｉｎｉｘ
4929,(株)アジュバンホールディングス
9876,(株)コックス
365A,伊澤タオル(株)
7065,ユーピーアール(株)
6158,(株)和井田製作所
3377,(株)バイク王＆カンパニー
4934,プレミアアンチエイジング(株)
6049,(株)イトクロ
9625,(株)セレスポ
4891,(株)ティムス
7080,(株)スポーツフィールド
9643,中日本興業(株)
7726,黒田精工(株)
6142,富士精工(株)
8115,ムーンバット(株)
5571,エキサイトホールディングス(株)
5870,(株)ナルネットコミュニケーションズ
3726,(株)フォーシーズＨＤ
7857,セキ(株)
6391,(株)加地テック
2894,石井食品(株)
2480,システム・ロケーション(株)
4060,ｒａｋｕｍｏ(株)
3065,(株)ライフフーズ
3691,(株)デジタルプラス
9976,(株)セキチュー
8230,(株)はせがわ
5129,(株)ＦＩＸＥＲ
6171,(株)土木管理総合試験所
1446,(株)キャンディル
1438,(株)岐阜造園
5283,(株)高見澤
7370,(株)Ｅｎｊｉｎ
4486,ユナイトアンドグロウ(株)
7808,(株)シー・エス・ランバー
244A,グロースエクスパートナーズ(株)
2654,(株)アスモ
6336,(株)石井表記
4496,(株)コマースＯｎｅホールディングス
3815,(株)メディア工房
4990,昭和化学工業(株)
3935,(株)エディア
7531,清和中央ホールディングス(株)
3066,(株)ＪＢイレブン
5026,(株)トリプルアイズ
7681,(株)レオクラン
9853,(株)銀座ルノアール
1840,(株)土屋ホールディングス
7695,(株)交換できるくん
5936,東洋シヤッター(株)
386A,(株)みのや
4777,(株)ガーラ
6325,(株)タカキタ
1758,太洋基礎工業(株)
4556,(株)カイノス
7256,河西工業(株)
2293,滝沢ハム(株)
9885,(株)シャルレ
3131,シンデン・ハイテックス(株)
5956,トーソー(株)
2323,(株)ｆｏｎｆｕｎ
7916,光村印刷(株)
2411,ゲンダイエージェンシー(株)
3988,(株)ＳＹＳホールディングス
9082,大和自動車交通(株)
8145,中部水産(株)
7980,(株)重松製作所
3359,(株)ｃｏｔｔａ
4892,(株)サイフューズ
4379,(株)Ｐｈｏｔｏｓｙｎｔｈ
4287,(株)ジャストプランニング
6778,(株)アルチザネットワークス
7804,(株)ビーアンドピー
6942,(株)ソフィアホールディングス
3537,昭栄薬品(株)
6408,小倉クラッチ(株)
324A,(株)ブッキングリゾート
9219,(株)ギックス
206A,(株)ＰＲＩＳＭ　ＢｉｏＬａｂ
3441,(株)山王
7427,エコートレーディング(株)
3686,(株)ディー・エル・イー
8944,(株)ランドビジネス
6155,高松機械工業(株)
7794,(株)イーディーピー
4177,(株)ｉ－ｐｌｕｇ
6757,(株)ＯＳＧコーポレーション
3807,(株)フィスコ
5491,日本金属(株)
2454,(株)オールアバウト
7075,(株)ＱＬＳホールディングス
4270,(株)ＢｅｅＸ
4491,コンピューターマネージメント(株)
151A,(株)ダイブ
6292,(株)カワタ
4372,ユミルリンク(株)
4976,東洋ドライルーブ(株)
3083,スターシーズ(株)
4119,(株)日本ピグメントホールディングス
8025,(株)ツカモトコーポレーション
4576,(株)デ・ウエスタン・セラピテクス研究所
9235,売れるネット広告社グループ(株)
3845,(株)アイフリークモバイル
3426,アトムリビンテック(株)
9271,(株)和心
6888,アクモス(株)
3920,アイビーシー(株)
5250,プライム・ストラテジー(株)
7923,トーイン(株)
5133,(株)テリロジーホールディングス
5753,日本伸銅(株)
6360,(株)東京自働機械製作所
4360,(株)マナック・ケミカル・パートナーズ
4594,ブライトパス・バイオ(株)
6822,大井電気(株)
2195,アミタホールディングス(株)
5612,日本鋳鉄管(株)
3267,(株)フィル・カンパニー
5075,アップコン(株)
4582,シンバイオ製薬(株)
4386,(株)ＳＩＧグループ
4172,東和ハイシステム(株)
6699,ダイヤモンドエレクトリックホールディングス(株)
2961,日本調理機(株)
7527,(株)システムソフト
8260,(株)井筒屋
145A,(株)Ｌ　ｉｓ　Ｂ
2408,(株)ＫＧ情報
2375,ギグワークス(株)
7351,(株)グッドパッチ
9366,(株)サンリツ
4492,(株)ゼネテック
4625,アトミクス(株)
9355,(株)リンコーコーポレーション
228A,(株)オプロ
3422,(株)Ｊ－ＭＡＸ
6964,(株)サンコー
7208,(株)カネミツ
4926,(株)シーボン
2978,(株)ツクルバ
3437,特殊電極(株)
9282,いちごグリーンインフラ投資法人
3933,チエル(株)
5542,新報国マテリアル(株)
6721,ウインテスト(株)
8742,(株)小林洋行
5033,(株)ヌーラボ
3839,(株)ＯＤＫソリューションズ
2449,(株)プラップジャパン
3747,(株)インタートレード
5597,ブルーイノベーション(株)
4960,ケミプロ化成(株)
7918,(株)ヴィア・ホールディングス
5900,(株)ダイケン
3187,(株)ミラタップ
3841,(株)ジーダット
6307,サンセイ(株)
2341,(株)アルバイトタイムス
4484,ランサーズ(株)
3058,(株)三洋堂ホールディングス
3113,(株)ＵＮＩＶＡ・Ｏａｋホールディングス
330A,(株)ＴａｌｅｎｔＸ
4075,ブレインズテクノロジー(株)
8138,三京化成(株)
5446,北越メタル(株)
4428,(株)シノプス
7707,プレシジョン・システム・サイエンス(株)
3172,ティーライフ(株)
4728,(株)トーセ
7538,(株)大水
3826,(株)システムインテグレータ
7120,(株)ＳＨＩＮＫＯ
1994,高橋カーテンウォール工業(株)
3169,(株)ミサワ
3625,テックファームホールディングス(株)
5884,(株)クラダシ
5029,サークレイス(株)
2795,日本プリメックス(株)
4445,リビン・テクノロジーズ(株)
7127,(株)一家ホールディングス
1383,ベルグアース(株)
2304,(株)ＣＳＳホールディングス
3261,(株)グランディーズ
6092,(株)エンバイオ・ホールディングス
4076,(株)シイエヌエス
9159,(株)Ｗ　ＴＯＫＹＯ
6543,(株)日宣
7118,(株)伸和ホールディングス
2376,(株)サイネックス
9362,兵機海運(株)
4069,(株)ＢｌｕｅＭｅｍｅ
9344,アクシスコンサルティング(株)
3557,ユナイテッド＆コレクティブ(株)
4645,(株)市進ホールディングス
8518,日本アジア投資(株)
7953,菊水化学工業(株)
6518,三相電機(株)
2464,(株)Ａｏｂａ－ＢＢＴ
4937,(株)Ｗａｑｏｏ
3760,(株)ケイブ
3024,クリエイト(株)
7126,グローバルスタイル(株)
2218,日糧製パン(株)
2058,(株)ヒガシマル
7021,(株)ニッチツ
4242,(株)タカギセイコー
2788,アップルインターナショナル(株)
3286,トラストホールディングス(株)
5699,(株)イボキン
460A,ＢＲＡＮＵ(株)
5031,モイ(株)
7975,(株)リヒトラブ
4673,川崎地質(株)
6038,(株)イード
9385,(株)ショーエイコーポレーション
5189,櫻護謨(株)
442A,クラシコ(株)
9361,伏木海陸運送(株)
7353,ＫＩＹＯラーニング(株)
4883,(株)モダリス
7501,(株)ティムコ
6380,オリエンタルチエン工業(株)
2179,(株)成学社
7091,(株)リビングプラットフォーム
3840,パス(株)
9259,(株)タカヨシホールディングス
248A,(株)キッズスター
6060,こころネット(株)
5990,(株)スーパーツール
4490,(株)ビザスク
6433,ヒーハイスト(株)
7502,(株)プラザホールディングス
1771,日本乾溜工業(株)
7214,ＧＭＢ(株)
9929,平和紙業(株)
3816,(株)大和コンピューター
3744,サイオス(株)
3521,テルマー湯ホールディングス(株)
7037,(株)テノ．ホールディングス
3682,エンカレッジ・テクノロジ(株)
8721,ベンチャー・リヴァイタライズ証券投資法人
2917,(株)大森屋
4440,(株)ヴィッツ
373A,(株)リップス
7902,(株)ソノコム
7361,(株)ヒューマンクリエイションホールディングス
3965,(株)キャピタル・アセット・プランニング
7066,(株)ピアズ
3195,(株)ジェネレーションパス
3945,スーパーバッグ(株)
3653,(株)モルフォ
6926,岡谷電機産業(株)
9417,(株)スマートバリュー
3474,Ｇ－ＦＡＣＴＯＲＹ(株)
3936,(株)グローバルウェイ
7625,(株)グローバルダイニング
6838,(株)多摩川ホールディングス
7058,共栄セキュリティーサービス(株)
9969,(株)ショクブン
7399,(株)ナンシン
6549,ディーエムソリューションズ(株)
4750,(株)ダイサン
192A,インテグループ(株)
7044,(株)ピアラ
4171,(株)グローバルインフォメーション
6182,(株)メタリアル
6897,(株)ツインバード
9972,アルテック(株)
3927,(株)フーバーブレイン
6837,(株)京写
6634,(株)ネクスグループ
9212,Ｇｒｅｅｎ　Ｅａｒｔｈ　Ｉｎｓｔｉｔｕｔｅ(株)
3317,(株)フライングガーデン
6776,天昇電気工業(株)
8617,光世証券(株)
3490,(株)アズ企画設計
4437,ｇｏｏｄｄａｙｓホールディングス(株)
9778,(株)昴
6836,ぷらっとホーム(株)
335A,(株)ミライロ
7131,のむら産業(株)
5986,モリテック　スチール(株)
6901,澤藤電機(株)
9073,京極運輸商事(株)
4429,リックソフト(株)
2215,第一屋製パン(株)
3204,(株)トーア紡コーポレーション
7847,(株)グラファイトデザイン
6396,(株)宇野澤組鐵工所
4316,(株)ビーマップ
5010,日本精蝋(株)
9854,愛眼(株)
3059,ヒラキ(株)
5355,日本ルツボ(株)
7284,盟和産業(株)
7544,(株)スリーエフ
6771,池上通信機(株)
7919,野崎印刷紙業(株)
2342,(株)トランスジェニックグループ
5343,ニッコー(株)
5997,協立エアテック(株)
7640,(株)トップカルチャー
7515,(株)マルヨシセンター
2911,旭松食品(株)
3766,システムズ・デザイン(株)
5953,昭和鉄工(株)
3944,古林紙工(株)
7265,エイケン工業(株)
9326,(株)関通
6072,地盤ネットホールディングス(株)
5603,虹技(株)
4882,(株)ペルセウスプロテオミクス
1380,(株)秋川牧園
4334,(株)ユークス
2999,ホームポジション(株)
2493,イーサポートリンク(株)
4615,神東塗料(株)
7807,(株)幸和製作所
211A,(株)カドス・コーポレーション
7150,(株)島根銀行
3045,(株)カワサキ
5742,エヌアイシ・オートテック(株)
8040,(株)東京ソワール
3190,(株)ホットマン
7603,ジーイエット(株)
7603,ジーイエット(株)
6424,(株)高見沢サイバネティックス
7314,(株)小田原機器
3469,(株)デュアルタップ
4591,(株)リボミック
6599,エブレン(株)
4829,日本エンタープライズ(株)
3851,(株)日本一ソフトウェア
265A,Ｈｍｃｏｍｍ(株)
4840,(株)トライアイズ
4274,細谷火工(株)
6342,(株)太平製作所
7555,(株)大田花き
2762,(株)ＳＡＮＫＯ　ＭＡＲＫＥＴＩＮＧ　ＦＯＯＤＳ
5817,ＪＭＡＣＳ(株)
3680,(株)ホットリンク
5867,(株)エスネットワークス
2747,北雄ラッキー(株)
3224,(株)ゼネラル・オイスター
3185,夢展望(株)
9835,(株)ジュンテンドー
3067,(株)東京一番フーズ
5609,日本鋳造(株)
2876,(株)デルソーレ
5939,(株)大谷工業
6666,リバーエレテック(株)
5697,(株)サンユウ
3524,日東製網(株)
331A,(株)メディックス
7114,(株)フーディソン
1795,(株)マサル
7863,(株)平賀
6335,(株)東京機械製作所
3238,セントラル総合開発(株)
9647,(株)協和コンサルタンツ
5257,ノバシステム(株)
3583,オーベクス(株)
6265,コンバム(株)
8996,(株)ハウスフリーダム
6334,明治機械(株)
7443,横浜魚類(株)
7111,ＩＮＥＳＴ(株)
3161,アゼアス(株)
5138,(株)Ｒｅｂａｓｅ
3768,リスクモンスター(株)
4255,ＴＨＥＣＯＯ(株)
3260,(株)エスポア
3622,ネットイヤーグループ(株)
6181,タメニー(株)
3536,アクサスホールディングス(株)
418A,ウリドキ(株)
5279,日本興業(株)
3967,(株)エルテス
4416,(株)Ｔｒｕｅ　Ｄａｔａ
7217,(株)テイン
6090,ヒューマン・メタボローム・テクノロジーズ(株)
4833,(株)Ｄｅｆ　ｃｏｎｓｕｌｔｉｎｇ
6943,ＮＫＫスイッチズ(株)
5868,(株)ロココ
6731,(株)ピクセラ
3858,(株)ユビキタスＡＩ
1443,技研ホールディングス(株)
1764,工藤建設(株)
4351,(株)山田再生系債権回収総合事務所
6840,(株)ＡＫＩＢＡホールディングス
7357,(株)ジオコード
7571,(株)ヤマノホールディングス
6662,(株)ユビテック
7793,(株)イメージ・マジック
2481,(株)タウンニュース社
3352,(株)バッファロー
4198,(株)テンダ
6734,(株)ニューテック
9353,櫻島埠頭(株)
4705,(株)クリップコーポレーション
7805,プリントネット(株)
4391,ロジザード(株)
9820,エムティジェネックス(株)
7063,(株)Ｂｉｒｄｍａｎ
377A,(株)エージェントＩＧホールディングス
5950,日本パワーファスニング(株)
280A,(株)ＴＭＨ
2424,(株)ブラス
3796,(株)いい生活
7446,東北化学薬品(株)
9476,(株)中央経済社ホールディングス
4827,ビジネス・ワンホールディングス(株)
5287,(株)イトーヨーギョー
3996,サインポスト(株)
6034,ＭＲＴ(株)
6655,東洋電機(株)
3917,(株)アイリッジ
2345,(株)クシム
6225,(株)エコム
7078,ＩＮＣＬＵＳＩＶＥ　Ｈｏｌｄｉｎｇｓ(株)
6633,(株)ＣＧＳホールディングス
5103,昭和ホールディングス(株)
3035,ケイティケイ(株)
7782,(株)シンシア
3674,(株)オークファン
3690,(株)イルグルム
7219,(株)エッチ・ケー・エス
6195,(株)ホープ
6347,(株)プラコー
7983,(株)ミロク
3461,(株)パルマ
9237,(株)笑美面
6545,(株)インターネットインフィニティー
6085,アーキテクツ・スタジオ・ジャパン(株)
3727,(株)アプリックス
148A,(株)ハッチ・ワーク
6635,(株)大日光・エンジニアリング
269A,(株)Ｓａｐｅｅｔ
7112,(株)キューブ
5973,(株)トーアミ
8746,ｕｎｂａｎｋｅｄ(株)
9339,(株)コーチ・エィ
7694,(株)いつも
4736,日本ラッド(株)
7791,ドリームベッド(株)
2437,Ｓｈｉｎｗａ　Ｗｉｓｅ　Ｈｏｌｄｉｎｇｓ(株)
4247,ポバール興業(株)
1724,シンクレイヤ(株)
9561,(株)グラッドキューブ
9562,ビジネスコーチ(株)
4494,バリオセキュア(株)
4881,(株)ファンペップ
7057,(株)エヌ・シー・エヌ
3672,(株)オルトプラス
3958,笹徳印刷(株)
288A,ラクサス・テクノロジーズ(株)
9165,(株)クオルテック
4068,ベイシス(株)
7922,三光産業(株)
4487,(株)スペースマーケット
4664,ＲＳＣ
5271,(株)トーヨーアサノ
3627,テクミラホールディングス(株)
9760,(株)進学会ホールディングス
3896,阿波製紙(株)
6659,(株)メディアリンクス
7215,(株)ファルテック
9327,(株)イー・ロジット
7992,セーラー万年筆(株)
2425,(株)ケアサービス
9685,ＫＹＣＯＭホールディングス(株)
4102,丸尾カルシウム(株)
3202,ダイトウボウ(株)
4885,室町ケミカル(株)
3177,(株)ありがとうサービス
9849,(株)共同紙販ホールディングス
4766,(株)ピーエイ
6054,(株)リブセンス
3895,ハビックス(株)
3477,フォーライフ(株)
7894,丸東産業(株)
8938,グローム・ホールディングス(株)
4260,(株)ハイブリッドテクノロジーズ
2962,(株)テクニスコ
7859,(株)アルメディオ
2499,日本和装ホールディングス(株)
9388,(株)パパネッツ
3439,(株)三ツ知
5619,マーソ(株)
5575,(株)Ｇｌｏｂｅｅ
6218,エンシュウ(株)
5856,(株)エルアイイーエイチ
7046,ＴＤＳＥ(株)
6563,(株)みらいワークス
5858,(株)ＳＴＧ
3181,(株)買取王国
7464,セフテック(株)
3266,(株)ファンドクリエーショングループ
2722,(株)ＩＫホールディングス
3577,東海染工(株)
3645,(株)メディカルネット
4014,(株)カラダノート
6081,アライドアーキテクツ(株)
6647,森尾電機(株)
5928,アルメタックス(株)
3409,(株)北紡
6552,(株)ＧａｍｅＷｉｔｈ
5162,(株)朝日ラバー
9816,(株)ストライダーズ
137A,Ｃｏｃｏｌｉｖｅ(株)
7072,(株)インティメート・マージャー
8559,(株)豊和銀行
7986,日本アイ・エス・ケイ(株)
130A,(株)Ｖｅｒｉｔａｓ　Ｉｎ　Ｓｉｌｉｃｏ
3372,(株)関門海
340A,(株)ジグザグ
7897,ホクシン(株)
1788,(株)三東工業社
7129,ミアヘルサホールディングス(株)
4596,窪田製薬ホールディングス(株)
2872,(株)セイヒョー
3237,(株)イントランス
5386,(株)鶴弥
6248,(株)横田製作所
391A,(株)山忠
1444,(株)ニッソウ
3929,ソーシャルワイヤー(株)
4166,かっこ(株)
3297,(株)東武住販
5028,セカンドサイトアナリティカ(株)
241A,(株)ＲＯＸＸ
3011,(株)バナーズ
9012,秩父鉄道(株)
3138,(株)富士山マガジンサービス
7602,(株)レダックス
3071,(株)ストリーム
353A,エレベーターコミュニケーションズ(株)
3306,日本製麻(株)
9466,(株)アイドママーケティングコミュニケーション
3842,(株)ネクストジェン
3358,ワイエスフード(株)
7064,(株)ハウテレビジョン
220A,(株)Ｆａｂｅｒ　Ｃｏｍｐａｎｙ
4447,(株)ピー・ビーシステムズ
9376,(株)ユーラシア旅行社
6467,(株)ニチダイ
3077,ホリイフードサービス(株)
8166,(株)タカキュー
4120,スガイ化学工業(株)
2974,大英産業(株)
3607,(株)クラウディアホールディングス
7813,(株)プラッツ
3494,(株)マリオン
7069,(株)サイバー・バズ
6150,タケダ機械(株)
7836,アビックス(株)
5618,ナイル(株)
6577,(株)ベストワンドットコム
6193,バーチャレクス・ホールディングス(株)
6614,(株)シキノハイテック
7359,(株)東京通信グループ
4196,(株)ネオマーケティング
9421,(株)エヌジェイホールディングス
3089,テクノアルファ(株)
8836,(株)ＲＩＳＥ
3710,ジョルダン(株)
7162,アストマックス(株)
3974,ＳＣＡＴ(株)
9040,大宝運輸(株)
3913,ＧｒｅｅｎＢｅｅ(株)
6894,パルステック工業(株)
5035,ＨＯＵＳＥＩ(株)
7687,(株)ミクリード
9425,ＲｅＹｕｕ　Ｊａｐａｎ(株)
2656,(株)ベクターホールディングス
7615,(株)京都きもの友禅ホールディングス
2789,(株)カルラ
6694,(株)ズーム
3909,(株)ショーケース
5458,高砂鐵工(株)
5125,(株)ファインズ
4170,(株)Ｋａｉｚｅｎ　Ｐｌａｔｆｏｒｍ
2139,(株)中広
2300,(株)きょくとう
4388,(株)エーアイ
4387,(株)ＺＵＵ
6803,ティアック(株)
9363,(株)大運
5987,(株)オーネックス
8181,(株)東天紅
3664,(株)モブキャストホールディングス
4335,ＩＰＳホールディングス(株)
3681,(株)ブイキューブ
3550,(株)スタジオアタオ
9220,エフビー介護サービス(株)
6177,ＡｐｐＢａｎｋ(株)
9256,(株)サクシード
2693,ＹＫＴ(株)
5126,ポーターズ(株)
3054,(株)ハイパー
3953,大村紙業(株)
231A,Ｃｒｏｓｓ　Ｅホールディングス(株)
196A,(株)ＭＦＳ
9444,(株)トーシンホールディングス
4174,(株)アピリッツ
6096,(株)レアジョブ
4421,(株)ディ・アイ・システム
7369,(株)メイホーホールディングス
6138,ダイジェット工業(株)
3326,(株)ランシステム
334A,(株)ビジュアル・プロセッシング・ジャパン
7043,アルー(株)
6898,トミタ電機(株)
469A,(株)フィットクルー
6578,(株)コレックホールディングス
6522,(株)アスタリスク
7827,(株)オービス
1999,サイタホールディングス(株)
6166,(株)中村超硬
5256,(株)Ｆｕｓｉｃ
5587,(株)インバウンドプラットフォーム
2388,(株)ウェッジホールディングス
6969,松尾電機(株)
9439,(株)エム・エイチ・グループ
8995,(株)誠建設工業
4884,クリングルファーマ(株)
7422,東邦レマック(株)
9419,(株)ワイヤレスゲート
4690,日本パレットプール(株)
4427,(株)ＥｄｕＬａｂ
3137,(株)ファンデリー
4341,西菱電機(株)
4197,(株)アスマーク
3987,エコモット(株)
7076,名南Ｍ＆Ａ(株)
157A,グリーンモンスター(株)
9087,タカセ(株)
7957,フジコピアン(株)
8225,(株)タカチホ
7375,(株)リファインバースグループ
6548,(株)旅工房
9240,(株)デリバリーコンサルティング
7810,(株)クロスフォー
1711,(株)ＳＤＳホールディングス
8912,(株)エリアクエスト
2467,(株)ＶＬＣセキュリティ
7372,(株)デコルテ・ホールディングス
2687,(株)シー・ヴイ・エス・ベイエリア
3248,(株)アールエイジ
3930,(株)はてな
7850,総合商研(株)
3970,(株)イノベーション
6046,(株)リンクバル
3931,(株)バリューゴルフ
7183,あんしん保証(株)
9345,ビズメイツ(株)
9767,日建工学(株)
9423,(株)ＦＲＳ
387A,フラー(株)
5579,(株)ＧＳＩ
4650,ＳＤエンターテイメント(株)
7877,永大化工(株)
8123,川辺(株)
4720,(株)城南進学研究社
3647,(株)ジー・スリーホールディングス
2683,(株)魚喜
5580,(株)プロディライト
3598,山喜(株)
4124,大阪油化工業(株)
149A,(株)シンカ
3042,(株)セキュアヴェイル
6400,不二精機(株)
3559,(株)ピーバンドットコム
5199,不二ラテックス(株)
138A,光フードサービス(株)
7709,クボテック(株)
3375,(株)ＺＯＡ
9565,ＧＬＯＥ(株)
4735,(株)京進
9238,バリュークリエーション(株)
3985,テモナ(株)
9225,ブリッジコンサルティンググループ(株)
4288,(株)アズジェント
7567,(株)栄電子
9242,メディア総研(株)
6063,日本エマージェンシーアシスタンス(株)
7896,セブン工業(株)
6217,津田駒工業(株)
9342,(株)スマサポ
5974,中国工業(株)
304A,フォルシア(株)
5820,(株)三ッ星
2435,(株)シダー
2351,(株)ＡＳＪ
4167,(株)ココペリ
7601,(株)ポプラ
4920,(株)日本色材工業研究所
9258,(株)ＣＳ－Ｃ
9635,武蔵野興業(株)
3346,ヒロタグループホールディングス(株)
3600,(株)フジックス
4098,チタン工業(株)
195A,(株)ＭＵＳＣＡＴ　ＧＲＯＵＰ
5969,(株)ロブテックス
7035,ａｎｄ　ｆａｃｔｏｒｙ(株)
3416,ピクスタ(株)
7255,(株)桜井製作所
1738,(株)ＮＩＴＴＯＨ
4438,(株)Ｗｅｌｂｙ
9610,ウィルソン・ラーニング　ワールドワイド(株)
4558,(株)中京医薬品
3670,協立情報通信(株)
198A,ＰｏｓｔＰｒｉｍｅ(株)
150A,(株)ＪＳＨ
4178,(株)Ｓｈａｒｉｎｇ　Ｉｎｎｏｖａｔｉｏｎｓ
9812,(株)テーオーホールディングス
3775,(株)ガイアックス
6656,インスペック(株)
8247,(株)大和
4370,モビルス(株)
6573,アジャイルメディア・ネットワーク(株)
7939,(株)研創
9365,トレーディア(株)
3961,シルバーエッグ・テクノロジー(株)
9895,(株)コンセック
5240,ｍｏｎｏＡＩ　ｔｅｃｈｎｏｌｏｇｙ(株)
3041,(株)ビューティカダンホールディングス
7077,(株)ＡＬｉＮＫインターネット
3998,(株)すららネット
4394,(株)エクスモーション
7073,(株)ジェイック
5252,日本ナレッジ(株)
9914,(株)植松商会
5952,アマテイ(株)
7928,旭化学工業(株)
5616,(株)雨風太陽
7870,福島印刷(株)
9253,スローガン(株)
2666,(株)オートウェーブ
5704,(株)ＪＭＣ
298A,ＧＶＡ　ＴＥＣＨ(株)
6867,リーダー電子(株)
2196,(株)エスクリ
7356,Ｒｅｔｔｙ(株)
6537,ＷＡＳＨハウス(株)
8013,(株)ナイガイ
5131,リンカーズ(株)
9254,(株)ラバブルマーケティンググループ
7116,ダイワ通信(株)
7345,(株)アイ・パートナーズフィナンシャル
4814,ネクストウェア(株)
3976,(株)シャノン
3907,シリコンスタジオ(株)
6233,ＫＬＡＳＳ(株)
3928,(株)マイネット
5247,(株)ＢＴＭ
5530,日本システムバンク(株)
3739,コムシード(株)
5134,(株)ＰＯＰＥＲ
6664,(株)オプトエレクトロニクス
189A,(株)Ｄ＆Ｍカンパニー
7360,(株)オンデック
7462,(株)ＣＡＰＩＴＡ
4424,(株)Ａｍａｚｉａ
7376,ＢＣＣ(株)
9978,(株)文教堂グループホールディングス
9557,(株)エアークローゼット
2736,フェスタリアホールディングス(株)
9563,Ａｔｌａｓ　Ｔｅｃｈｎｏｌｏｇｉｅｓ(株)
6198,(株)キャリア
7062,(株)フレアス
3802,(株)エコミック
3419,アートグリーン(株)
6074,(株)ジェイエスエス
4241,(株)アテクト
2164,(株)地域新聞社
7800,(株)アミファ
168A,(株)イタミアート
6186,(株)一蔵
2667,(株)イメージ　ワン
3808,(株)オーケーウェブ
4918,(株)アイビー化粧品
2291,福留ハム(株)
4016,ＭＩＴホールディングス(株)
3779,ジェイ・エスコム　ホールディングス(株)
7477,ムラキ(株)
2673,夢みつけ隊(株)
2479,(株)ジェイテック
7524,マルシェ(株)
6190,(株)フェニックスバイオ
7578,(株)ニチリョク
9214,Ｒｅｃｏｖｅｒｙ　Ｉｎｔｅｒｎａｔｉｏｎａｌ(株)
2997,(株)ストレージ王
7719,(株)東京衡機
281A,インフォメティス(株)
4678,(株)秀英予備校
3986,(株)ビーブレイクシステムズ
4657,(株)環境管理センター
4707,(株)キタック
6558,クックビズ(株)
3646,(株)駅探
7042,(株)アクセスグループ・ホールディングス
4199,ワンダープラネット(株)
4020,ビートレンド(株)
4616,川上塗料(株)
3667,(株)ｅｎｉｓｈ
6555,(株)ＭＳ＆Ｃｏｎｓｕｌｔｉｎｇ
5962,浅香工業(株)
2459,アウンコンサルティング(株)
2156,セーラー広告(株)
7413,(株)創健社
7865,ピープル(株)
142A,(株)ジンジブ
7585,(株)かんなん丸
3192,(株)白鳩
8254,(株)さいか屋
7771,日本精密(株)
7083,ＡＨＣグループ(株)
7074,(株)トゥエンティーフォーセブンホールディングス
6276,シリウスビジョン(株)
3753,(株)フライトソリューションズ
5025,(株)マーキュリー
4243,(株)ニックス
3442,(株)ＭＩＥコーポレーション
7041,ＣＲＧホールディングス(株)
8946,(株)ＡＳＩＡＮ　ＳＴＡＲ
3634,(株)ソケッツ
4444,(株)インフォネット
6029,アトラグループ(株)
4057,(株)インターファクトリー
5905,日本製罐(株)
4361,川口化学工業(株)
302A,(株)ビースタイルホールディングス
4052,フィーチャ(株)
184A,(株)学びエイド
4240,クラスターテクノロジー(株)
3624,アクセルマーク(株)
4179,(株)ジーネクスト
2721,(株)ジェイホールディングス
4017,(株)クリーマ
4378,(株)ＣＩＮＣ
7031,(株)インバウンドテック
5039,(株)キットアライブ
3223,(株)エスエルディー
3639,(株)ボルテージ
9215,(株)ＣａＳｙ
7997,(株)くろがね工作所
4995,サンケイ化学(株)
246A,(株)アスア
7138,(株)ＴＯＲＩＣＯ
3111,オーミケンシ(株)
6173,(株)アクアライン
7815,東京ボード工業(株)
5341,ＡＳＡＨＩ　ＥＩＴＯホールディングス(株)
4059,(株)まぐまぐ
2778,パレモ・ホールディングス(株)
7837,(株)アールシーコア
3174,(株)ハピネス・アンド・ディ
7067,ブランディングテクノロジー(株)
303A,(株)ｖｉｓｕｍｏ
6775,(株)ＴＢグループ
3384,(株)アークコア
4018,(株)Ｇｅｏｌｏｃａｔｉｏｎ　Ｔｅｃｈｎｏｌｏｇｙ
7946,(株)光陽社
7878,(株)光・彩
143A,イシン(株)
3910,(株)エムケイシステム
9331,(株)キャスター
2137,(株)光ハイツ・ヴェラス
5342,ジャニス工業(株)
323A,(株)フライヤー
9236,ジャパンＭ＆Ａソリューション(株)
6663,太洋テクノレックス(株)
4422,ＶＡＬＵＥＮＥＸ(株)
7140,ペットゴー(株)
6982,(株)リード
9241,(株)フューチャーリンクネットワーク
7363,(株)ベビーカレンダー
6147,(株)ヤマザキ
4265,Ｉｎｓｔｉｔｕｔｉｏｎ　ｆｏｒ　ａ　Ｇｌｏｂａｌ　Ｓｏｃｉｅ(株)
3787,(株)テクノマセマティカル
4073,(株)ジィ・シィ企画
6696,(株)トラース・オン・プロダクト
4760,(株)アルファ
3908,(株)コラボス
7090,(株)リグア
9878,(株)セキド
1382,(株)ホーブ
7886,ヤマト　モビリティ　＆　Ｍｆｇ．(株)
4381,ビープラッツ(株)
9244,(株)デジタリフト
259A,(株)ケイ・ウノ
5380,新東(株)
7985,ネポン(株)
9250,(株)ＧＲＣＳ
5241,(株)日本オーエー研究所
4679,(株)田谷
2926,(株)篠崎屋
7851,カワセコンピュータサプライ(株)
7689,(株)コパ・コーポレーション
7831,(株)ウイルコホールディングス
8720,ベンチャービジネス投資法人投資証券
7426,(株)山大
7362,(株)Ｔ．Ｓ．Ｉ
242A,(株)リプライオリティ
6786,(株)ＲＶＨ
175A,(株)Ｗｉｌｌ　Ｓｍａｒｔ
9941,太洋物産(株)
3047,(株)ＴＲＵＣＫ－ＯＮＥ
7790,(株)バルコス
4834,キャリアバンク(株)
6977,(株)日本抵抗器製作所
9330,(株)揚羽
6579,ログリー(株)
2743,ピクセルカンパニーズ(株)
6025,日本ＰＣサービス(株)
5242,(株)アイズ
3803,イメージ情報開発(株)
3370,(株)フジタコーポレーション
6846,(株)中央製作所
7093,アディッシュ(株)
3032,(株)ゴルフ・ドゥ
9213,(株)セイファート
275A,ハンワホームズ(株)
2976,日本グランデ(株)
6439,中日本鋳工(株)
3849,日本テクノ・ラボ(株)
7901,(株)マツモト
4250,(株)フロンティア
3977,フュージョン(株)
8209,(株)フレンドリー
2172,(株)インサイト
3824,メディアファイブ(株)
1449,(株)ＦＵＪＩジャパン
8143,(株)ラピーヌ
